Marker,Validated haplotype,Numerator (Mutation Count),Denominator (Sample size/Samples_Pass_This_Fragment),Calculated Prevalence
mdr1,"N86, Y184F, D1246",0,34,0.0
coronin,E107V,0,0,0.0
coronin,G50E,0,0,0.0
coronin,R100K,0,0,0.0
ferredoxin,D193Y,0,0,0.0
k13,A481V,0,27,0.0
k13,A675V,0,27,0.0
k13,A724E,0,27,0.0
k13,C469F,0,27,0.0
k13,C469Y,0,27,0.0
k13,C580Y,0,27,0.0
k13,F446I,0,27,0.0
k13,G449A,0,27,0.0
k13,G538V,0,27,0.0
k13,I543T,0,27,0.0
k13,M476I,0,27,0.0
k13,N458Y,0,27,0.0
k13,N537D,0,27,0.0
k13,N537I,0,27,0.0
k13,P441L,0,27,0.0
k13,P527H,0,27,0.0
k13,P553L,0,27,0.0
k13,P574L,0,27,0.0
k13,R515K,0,27,0.0
k13,R539T,0,27,0.0
k13,R561H,0,27,0.0
k13,R622I,0,27,0.0
k13,V568G,0,27,0.0
k13,Y493H,0,27,0.0
mdr1,"N86Y, Y184F, D1246N",0,34,0.0
crt,K76T,15,32,0.4688
mdr1,N86Y,0,34,0.0
exonuclease,E415G,0,0,0.0
dhfr,"N51I, C59R, S108N",34,34,1.0
mdr2,F423Y,0,0,0.0
dhps,A437G,31,31,1.0
dhps/dhfr,"A437G, K540E, A581G/N51I, C59R, S108N",0,31,0.0
dhps/dhfr,"A437G, K540E/N51I, C59R, S108N",0,31,0.0
dhps/dhfr,"A437G, K540E/N51I, C59R, S108N, I164L",0,31,0.0
dhps/dhfr,"A437G/N51I, C59R, S108N",31,31,1.0
