Author,doi,title,year of publication,year of sample collection,corrected year,study focus,sample size Nigeria only,molecular marker,country,state/province,city/village,details,comment
Amusan,10.1371/journal.pone.0316479,Polymorphisms in Pfkelch13 domains before and after the introduction of artemisinin-based combination therapy in Southwest Nigeria,2025,2000-2005; 2021 ,"2003, 2021",≥ 9 months to 35 years,64,pfkelch13,Nigeria,Oyo,Ibabdan,,
Funwei R,10.1016/j.placenta.2024.12.016,Genetic profiling of Plasmodium falciparum antigenic biomarkers among asymptomatic pregnant women on intermittent preventive treatment with sulfadoxine-pyrimethamine from southwest Nigeria,2025,2015 -2016,2016,pregnant women,100,pfmdr1,Nigeria,"Ogun, Oyo",Ilisa-remo; Ibadan; Ogbomoso,,
Ikegbunam,10.1186/s12936-025-05579-0,No evidence of molecular markers of piperaquine resistance in southeastern Nigeria,2025,2018-2019,2019,NA,299,pfcrt,Nigeria,Anambra,Awka; Onitsha,,"crt exons 2 and 3 checked, mutations found K115I & L111L"
Martín Ramírez,10.1186/s41182-025-00732-6,"Mutational profile of pfdhfr, pfdhps, pfmdr1, pfcrt and pfk13 genes of P. falciparum associated with resistance to different antimalarial drugs in Osun state, southwestern Nigeria",2025,2021,2021,children,313,"pfdhfr, pfdhps, pfmdr1, pfcrt, pfkelch13",Nigeria,Osun,Ore,,only prevalence for k13 NS mutations are listed not for synonymous
Nyamngee,0.11604/pamj.2025.50.73.45826,"Prevalence of molecular markers associated with Plasmodium falciparum resistance to chloroquine and sulphadoxine/pyrimethamine in three malaria endemic local areas of Benue State, Nigeria",2025,2023-2024,2024,mixed age,100,"pfcrt, pfmdr1, pfdhfr, pfdhps",Nigeria,Benue,,,crt haplotypes not stated as RFLP only performed for codon 76
Patrick,10.1038/s41598-025-94668-w,"Prevalence and distribution of Plasmodium falciparum multidrug resistant 1 D1246Y allele among children in Ibadan Southwest, Nigeria",2025,2016-2021,2019,children (6-132 months),133,pfmdr1,Nigeria,Ogun,Ibadan,"Institute of Child Health, College of Medicine",
Adegbola,10.3389/fgene.2024.1470156,"ONT sequencing identifies a high prevalence of crt sensitive, triple mutant dhfr and single mutantdhps parasites within an ANC population in Nigeria",2024,2022-2023,2023,Pregnant Women,251,"pfkelch13, pfmdr1, pfdhps, pfdhfr, pfcrt",Nigeria,Osun,Ilesa,,
Ajibaye,10.3389/fcimb.2024.1366563,Detection of novel Plasmodium falciparum coronin gene mutations in a recrudescent ACT-treated patient in South-Western Nigeria,2024,2019-2019,2019,12 months to <70 years,"52 only 7 genotyped (recrudescence) x2, n=14","pfmdr1, pfdhps, pfdhfr, pfkelch13, pfcoronin",Nigeria,Lagos,Ijede General hospital (IJGH),Ijede General hospital (IJGH),
Amusan,10.1016/j.actatropica.2024.107435,"Frequency of chloroquine-resistant haplotype of Plasmodium falciparum (CVIET) in Ibadan, Southwest Nigeria 17 years post-chloroquine withdrawal",2024,2021,2021,mixed age,51,pfcrt,Nigeria,Oyo,Ibadan,,"additional mutations Q271E, A220S"
Ibekpobaoku,10.1186/s13104-024-06763-2,Sub-microscopic Plasmodium falciparum infections and multiple drug resistant single nucleotide polymorphic alleles in pregnant women from southwestern Nigeria,2024,2019-2021,2020,pregnant women,7,"pfdhfr, pfdhps, pfcrt, pfmdr1",Nigeria,Lagos,Lagos,Epe and Ogudu Primary Health Centres,
Oyebola,10.1186/s12936-024-05088-6,"Assessing the therapeutic efficacy of artemether-lumefantrine for uncomplicated malaria in Lagos, Nigeria: a comprehensive study on treatment response and resistance markers",2024,2021,2021,1–70 years,"84, mdr1 64, ubp1 61","pfmdr1, pfubp1",Nigeria,Lagos,Ikorodu,Ijede General Hospital and Agura Health Centre,
Zhou,10.1038/s41598-024-75828-w,Prevalence of molecular markers of sulfadoxine-pyrimethamine resistance in Plasmodium falciparum isolates from West Africa during 2012–2022,2024,2012–2022,2017,returning travelers,171,"pfdhfr, pfdhps",China,NA,NA,,
Zubair,10.4178/epih.e2024087.E,Molecular Surveillance of Artemisinin Combination Therapy Resistance Markers in Kelch13 Gene of Plasmodium falciparum Isolates Collected From Yobe State Nigeria,2024,NA,2024,18-50 years,174,pfkelch13,Nigeria,Yobe,"Gashua, Nguru, Potiskum, ",,unclear how many samples have been sequenced
Adegbola,10.1186/s12936-023-04487-5,A snapshot of the prevalence of dihydropteroate synthase-431V mutation and other sulfadoxine-pyrimethamine resistance markers in Plasmodium falciparum isolates in Nigeria,2023,2020-2021,2020,pregnant women and other adults,"74 for dhfr, 61 dhps","pfdhfr, pfdhps",Nigeria,Osun,Ile-Ife,,
Afolabi,10.1007/s12639-022-01538-7,"Pfmdr 1 and kelch 13 genes distribution among children that are 5 years and below in Akure, Nigeria",2023,2019,2019,< 5 years (children),"500, 200 mdr1","pfmdr1, prevalence not clearly stated for pfkelch13",Nigeria,Ondo,Akure,"Mother and Child Hospital, Akure (MCHA)",
Beshir,10.1016/S1473-3099(22)00593-X,Prevalence of Plasmodium falciparum haplotypes associated with resistance to sulfadoxine–pyrimethamine and amodiaquine before and after upscaling of seasonal malaria chemoprevention in seven African countries: a genomic surveillance study,2023,2015-2018,2017,"2016: <5 years 601, 10-30 years: 495; 2018: < 5 years 224, 10-30 years 391",split by different age groups and years,"pfmdr1, pfcrt, pfdhfr pfdhps",Nigeria,Zamfara,Anka,,
Figueroa-Romero,10.1016/S2214-109X(23)00414-X,Prevalence of molecular markers of resistance to sulfadoxine–pyrimethamine before and after community delivery of intermittent preventive treatment of malaria in pregnancy in sub-Saharan Africa: a multi-country evaluation,2023,2018 and 2021,"2018, 2021",children < 5 years,did not find information but between 600-700,"pfdhfr, pfdhps",Nigeria,Ebonyi,"Ohaukwu, Ezza-South",,
Grossman,10.1093/jtm/taad114,Emergence of artemisinin-based combination treatment failure in patients returning from sub-Saharan Africa with P.falciparum malaria,2023,2009–2020,2015,returning traveler,7,"pfkelch13, pfcoronin (both no mutations)",Israel,,Ramat Gan,Sheba Medical Center,
Olukosi,10.1093/jac/dkad011,"Baseline prevalence of molecular marker of sulfadoxine/pyrimethamine resistance in Ebonyi and Osun states, Nigeria: amplicon deep sequencing of dhps-540",2023,2023,2023,all ages and sex,948,pfdhps,Nigeria,Ebonyi; Osun,"Abakaliki, Afikpo North, Ezza North, Ezza South, Izzi, Ohaozara; Ede-South, Ife-North, Ila, Iwo, Oriadem Orolu",,
Enato,10.11604/pamj.2022.43.80.34334,"Distinct pattern and prevalence of Plasmodium falciparum dihydropteroate synthase gene mutations in children with sickle cell anaemia and haemoglobin AA in Benin City, Nigeria: the impact of HbAA",2022,NA,2022,SCA aged 6-59 months,146,pfdhps,Nigeria,Edo,Benin City,Benin Teaching Hospital,
Kong,10.1186/s12936-022-04398-x,Molecular surveillance of artemisinin resistance‑related Pfk13 and pfcrt polymorphisms in imported Plasmodium falciparum isolates reported in eastern China from 2015 to 2019,2022,2015-2019,2017,returning traveler,88,"pfcrt, pfkelch13 (only K13 data could be extracted)",China,Shandong Province,,,
Wang,10.1128/spectrum.00528-22,Molecular Epidemiology of Drug Resistance Genes in Plasmodium falciparum Isolates Imported from Nigeria between 2016 and 2020: Continued Emergence of Fully Resistant Pfdhfr- Pfdhps Alleles,2022,2016-2020,2018,returning traveler,158,"pfkelch13, Pfcrt, Pfmdr1, Pfdhfr, pfdhps",China,Zhejiang Province,,,
Agomo,10.1016/j.meegid.2021.105042,Mutations in Pfcrt and Pfmdr1 genes of Plasmodium falciparum isolates from two sites in Northcentral and Southwest Nigeria,2021,2014-2014,2014,1-70 years,145,"pfcrt, pfmdr1",Nigeria,Niger,New Bussa,,
Ajogbasile,10.1371/journal.pone.0264548,Molecular profiling of the artemisinin resistance Kelch 13 gene in Plasmodium falciparum from Nigeria,2021,2018-2018,2018,6–96 months,332,pfkelch13,Nigeria,Kano; Plateau; Enugu,Kura; Barkin Ladi; Agbani,,
Balogun,10.1155/2021/8840089,"Single Nucleotide Polymorphisms of Pfdhfr and Pfdhps Genes: Implications for Malaria Prophylactic Strategies in Maiduguri, Northeast Nigeria",2021,2018-2018,2018,adults,63,"pfdhfr, pfdhps",Nigeria,Borno,Maiduguri,,
Cheng,10.1186/s12936-021-03737-8,"Molecular surveillance of anti‑malarial resistance pfcrt, pfmdr1, and pfk13 polymorphisms in African Plasmodium falciparum imported parasites to Wuhan, China",2021,2017-2019,2018,returning traveler,18,"pfcrt, pfmdr1, pfkelch13 ",China,,Wuhan,"Wuhan Jinyintan Hospital, Wuhan Union Hospital and Zhongnan Hospital of Wuhan University",
Cheng,10.1016/j.meegid.2022.105286,"Single-nucleotide polymorphisms of artemisinin resistance-related pfubp1 and pfap2mu genes in imported Plasmodium falciparum to Wuhan, China",2021,2011-2019,2015,returning traveler,43,"pfubp1, pfap2mu",China,Wuhan,,,
Chijioke-Nwauche,10.1093/trstmh/trab061,"Antimalarial drug resistance markers in human immunodeficiency virus (HIV)-positive and HIV-negative adults with asymptomatic malaria infections in Port Harcourt, Nigeria",2021,2010-2011,2010,"adults, HIV positive and negativ",,"pfcrt, pfmdr1, pfdhps, pfdhfr",Nigeria,Rivers,Port Harcourt,University of Port Harcourt Teaching Hospital or Braithwaite Memorial Specialist Hospital,
Huang,10.1186/s12936-021-03613-5,"Molecular surveillance of pfcrt, pfmdr1 and pfk13-propeller mutations in Plasmodium falciparum isolates imported from Africa to China",2021,2012-2015,2014,returning traveler,152 used for k13 analysis,"pfcrt, pfmdr1, pfkelch13 only K13 data extracted cause other data not seperated by country",China,,,,
Ikegbunam,10.1186/s12936-021-03968-9,Absence of Plasmodium falciparum artemisinin resistance gene mutations eleven years after the adoption of artemisinin‑based combination therapy in Nigeria,2021,2004 & 2015,"2004, 2015",1–12; 1–72 years,"2004:71, 2015: 109",pfkelch13,Nigeria,Osun; Anambra,Osogbo; Nnewi,,
Jin,10.1186/s12879-021-06579-6,"Limited polymorphism in k13 gene of Plasmodium falciparum and k12 of Plasmodium vivax isolates imported from African and Asian countries between 2014 and 2019 in Hangzhou city, China",2021,2014-2019,2017,returning traveler,46,pfkelch13,China,Hangzhou city,,,
Kayode,10.1038/s41598-020-80017-6,Polymorphisms in Plasmodium falciparum dihydropteroate synthetase and dihydrofolate reductase genes in Nigerian children with uncomplicated malaria using high-resolution melting technique,2021,2014-2015,2014,< 5 years (children),271,"pfdhfr, pfdhps",Nigeria,Adamawa; Sokoto; Kwara; Bayelsa; Imo,,,
Kayode,10.1016/j.ijpara.2020.10.001,Polymorphisms in Plasmodium falciparum chloroquine resistance transporter (Pfcrt) and multidrug-resistant gene 1 (Pfmdr-1) in Nigerian children 10 years post-adoption of artemisinin-based combination treatments,2021,2014-2015,2014,<5 years (children),271,"pfcrt, pfmdr1",Nigeria,Adamawa; Sokoto; Kwara; Bayelsa; Imo,,,
L'Episcopia,10.1093/jtm/taaa231,Artemisinin resistance surveillance in African Plasmodium falciparum isolates from imported malaria cases to Italy,2021,2014-2015,2014,returning traveler,17,pfkelch13,Italy ,,,‘L. Spallanzani’ Institute,
Yan,10.3389/fcimb.2021.673194,High Frequency Mutations in pfdhfr and pfdhps of Plasmodium falciparum in Response to Sulfadoxine-Pyrimethamine: A Cross-Sectional Survey in Returning Chinese Migrants From Africa,2021,2017-2019,2018,returning traveler,22,"pfdhfr, pfdhps",China,Anhui; Shangdong,,,
Zhao,10.3389/fcimb.2021.644576,"Surveillance of Antimalarial Drug-Resistance Genes in Imported Plasmodium falciparum Isolates From Nigeria in Henan, China, 2012–2019",2021,2012-2019,2016,returning traveler,167,"pfcrt, pfmdr1, pfkelch13, pfdhps, pfdhfr",China,Henan,,,
Abubakar,10.3390/tropicalmed5020085,"Identification of Mutations in Antimalarial Resistance Gene Kelch13 from Plasmodium falciparum Isolates in Kano, Nigeria",2020,2018-2018,2018,18–56 years,49,pfkelch13,Nigeria,Kano,Kano,Murtala Muhammad Specialist Hospital and Nassarawa Hospital,
Adamu,10.1186/s12936-020-03506-z,Plasmodium falciparum multidrug resistance gene‑1 polymorphisms in Northern Nigeria: implications for the continued use of artemether‑lumefantrine in the region,2020,2017-2017,2017,NA,500,pfmdr1,Nigeria,"Kano, Kaduna, Yobe, Adamawa",,,
Fagbemi,10.1016/j.meegid.2020.104503,"Analysis of sulphadoxine–pyrimethamine resistance-associated mutations in Plasmodium falciparum isolates obtained from asymptomatic pregnant women in Ogun State, Southwest Nigeria",2020,2018-2019,2018,pregnant women,"different numbers for dhfr and dhps, see respective tables","pfdhfr, pfdhps",Nigeria,Ogun,Ijebu-Ode; Abeokuta; Ijebu-Igbo;  Ifo,"tate hospital Ijebu-Ode, State hospital Abeokuta, General hospital Ijebu-Igbo and General hospital Ifo",
Foguim,10.1186/s12936-020-03281-x,"Prevalence of mutations in the Plasmodium falciparum chloroquine resistance transporter, PfCRT, and association with ex vivo susceptibility to common anti‑malarial drugs against African Plasmodium falciparum isolates",2020,2017-2018,2017,returning traveler,16,pfcrt,France,,Marseille,,
Jiang,10.1186/s12936-020-03509-w,"Molecular surveillance of anti‑malarial resistance Pfdhfr and Pfdhps polymorphisms in African and Southeast Asia Plasmodium falciparum imported parasites to Wuhan, China",2020,2011–2019,2015,returning traveler,45,"pfdhfr, pfdhps",China,Hubei,Wuhan,,
Quan,10.1186/s40249-020-00712-4,"High multiple mutations of Plasmodium falciparum-resistant genotypes to sulphadoxine-pyrimethamine in Lagos, Nigeria",2020,2010-2014,2012,NA,242 and 167 samples were sequenced for dhfr and dhps,"pfdhfr, pfdhps",Nigeria,Lagos,Lagos,"Ijede General Hospital (H1), Imota Primary Health Centre (H2), Bayioku Primary Health Centre (H3), Agura Primary Health Centre (H4). These four health centres are situated in Ikorodu LGA. St. Kizito Primary Health Centre, Lekki in Ibeju Lekki LGA (H5), St Mathew; communities were: 1) Ipakodo in Ikorodu LGA, 2) Agbowa, 3) Ajagunmagbe, 4) Noforija in Epe LGA, 5) Lekki in Ibeju Lekki LGA, 6) Maidian Community, 7) Owode/Ajegunle, 8) Owode/Elede in Kosofe LGA, 9) Badagry town, 10) Apa in Badagry LGA, 11) Sura in Lagos Island LGA, 12) Ijora, 13) Abete, 14) Akere, 15) Alayabiagba in Apapa LGA, 16) Otto in Lagos Mainland LGA, 17) Monkey Village, 18) Ijegun in Amuwo Odofin LGA, 19) Aburo in Alimosho LGA, 20) Tedi-Muwo in Ojo LGA Primary Health Centre (Catholic), Ajegunle, Amukoko in Ajeromi Ifelodu LGA (H6), and in Shomolu General Hospital, Shomolu LGA (H7)",
She,10.1186/s12879-020-05228-8,"Polymorphisms of pfcrt, pfmdr1, and K13-propeller genes in imported falciparum malaria isolates from Africa in Guizhou province, China",2020,2012–2016,2014,returning traveler,6,"pfcrt, pfmdr1, pfkelch13 (only k13 data was separated by country)",China,Guizhou,, Guizhou Provincial Centre for Disease Control and Prevention,
Tola,10.1186/s13104-020-05334-5,"Molecular detection of drug resistant polymorphisms in Plasmodium falciparum isolates from Southwest, Nigeria",2020,2014-2014,2014,1-61 years,83,"pfkelch13, pfmdr1, pfatpase6, pfcrt",Nigeria,Lagos; Osun,Badagry; Alajue village Ede,,
Wang,10.1186/s12936-020-3140-0,"Molecular surveillance of Pfcrt and k13 propeller polymorphisms of imported Plasmodium falciparum cases to Zhejiang Province, China between 2016 and 2018",2020,2016-2018,2017,returning traveler,118,"pfcrt, pfkelch13",China,Zhejiang,,,
Yan,10.1128/AAC.00981-20,Prevalence of Plasmodium falciparum Kelch 13 (PfK13) and Ubiquitin-Specific Protease 1 (pfubp1) Gene Polymorphisms in Returning Travelers from Africa Reported in Eastern China,2020,2017–2019,2018,returning traveler,27,"pfubp1, pfkelch13",China,Anhui; Shandong,,,
Dokunmu,10.1186/s12936-019-2833-8,Asymptomatic malaria infections and Pfmdr1 mutations in an endemic area of Nigeria,2019,2018-2018,2018,6 months<,75,pfmdr1,Nigeria,Ogun,Ota,,
Idowu,10.1186/s12936-019-2947-z,Rare mutations in Pfmdr1 gene of Plasmodium falciparum detected in clinical isolates from patients treated with anti-malarial drug in Nigeria,2019,2015-2016,2015,NA,37,"pfmdr1, pfcrt, pfkelch13",Nigeria,Lagos,,"t Matthew Catholic Hospital, Amukoko and Agura and Ijede Primary Health Centre, Ikorodu",
Igbasi ,10.1111/tmi.13273,"Kelch 13 propeller gene polymorphism among Plasmodium falciparum isolates in Lagos, Nigeria: Molecular Epidemiologic Study",2019,2010-2011; 2013-2014,"2010, 2013",NA,195,pfkelch13,Nigeria,Lagos,,"St Mathew (Catholic) Primary Health Center, Amukoko, Ajeromi Ifelodu LGA. Lagos Central zone: Shomolu General Hospital in Shomolu LGA; Lagos East zone: St. Kizito Primary Health Centre, Lekki in Ibeju Lekki LGA and four (4) health centres situated in Ikorodu LGA: Ijede General hospital, three primary health centres at Imota, Bayioku, Agura and St. Kizito Health Post Oreta. The communities: in Lagos East senatorial zone, Ipakodo in Ikorodu LGA, Agbowa, Ajagunmagbe, Noforija in Epe LGA, Lekki in Ibeju Lekki LGA, Badagry town, Apa in Badagry LGA; Tedi-Muwo in Ojo LGA, Aburo in Alimosho LGA",
Ikegbunam,10.1186/s12936-019-2977-6,Analysis of Plasmodium falciparum Pfcrt and Pfmdr1 genes in parasite isolates from asymptomatic individuals in Southeast Nigeria 11 years after withdrawal of chloroquine,2019,2014-2015,2014,"children, pregnant women and other adults",103,"pfcrt, pfmdr1",Nigeria,Anambra,Nnewi,,
Olasehinde,10.2147/IDR.S190386,"Epidemiology of Plasmodium falciparum infection and drug resistance markers in Ota Area, Southwestern Nigeria",2019,2016-2018,2017,all ages and sex,"not quite clear, 16-58 blood samples used for molecular analysis","pfmdr1, pfcrt, pfkelch13",Nigeria,Ogun,Ado-Odo/Ota,,
Xu,10.1128/AAC.01927-18,Mutation Profile of pfdhfr and pfdhps in Plasmodium falciparum among Returned Chinese Migrant Workers from Africa,2019,2013-2016,2015,returning traveler,36,"pfdhfr, pfdhps",China,Shandong,,,
Esu,10.1007/s00436-018-5754-5,Prevalence of the Pfdhfr and Pfdhps mutations among asymptomatic pregnant women in Southeast Nigeria,2018,2013-2014,2013,pregnant women,28,"pfdhfr, pfdhps",Nigeria,Cross-River,Calabar,General hospital,
Oboh,10.1155/2018/2305062,Status of Artemisinin Resistance in Malaria Parasite Plasmodium falciparum from Molecular Analyses of the Kelch13 Gene in Southwestern Nigeria,2018,NA,2018,NA,50,pfkelch13,Nigeria,Lagos; Edo,Lagos; Benin,"Gbagada, Ikorodu, Akodo, and Ikate hospital in Lagos; Stella and Central hospital in Benin",
Oboh,10.1016/j.meegid.2018.10.007,Molecular epidemiology and evolution of drug-resistant genes in the malaria parasite Plasmodium falciparum in southwestern Nigeria,2018,2016-2017,2016,<2 years (children),"151, crt 111, dhfr 86, dhps 97","pfcrt, pfdhfr, pfdhps",Nigeria,Lagos; Edo,,,
Ojurongbe,10.1080/20477724.2017.1422615,High prevalence of dihydrofolate reductase gene mutations in Plasmodium falciparum parasites among pregnant women in Nigeria after reported use of sulfadoxine-pyrimethamine,2018,2015-2015,2015,pregnant women,60,pfdhfr,Nigeria,Osun,Ikirun,General hospital,
Xu,10.1038/s41598-018-31207-w,"Surveillance of Antimalarial Resistance Pfcrt, Pfmdr1, and Pfkelch13 Polymorphisms in African Plasmodium falciparum imported to Shandong Province, China",2018,2012-2015,2014,returning traveler,34,"pfcrt, pfmdr1, pfkelch13",China,Shandong,,,
Xu,10.1128/aac.01927-18,Mutation Profile of pfdhfr and pfdhps in Plasmodium falciparum among Returned Chinese Migrant Workers from Africa,2018,2013-2016,2014,returning traveler,36,"pfdhfr, pfdhps",China,Shandong,,,
Yang ,10.1017/S0031182018001609,Molecular investigation of the Pfmdr1 gene of Plasmodium falciparum isolates in Henan Province imported from Africa,2018,2012-2016,2014,returning traveler,87,pfmdr1,China,Henan,,,
Yao,10.1128/AAC.02387-17,"Surveillance of Genetic Variations Associated with Antimalarial Resistance of Plasmodium falciparum Isolates from Returned Migrant Workers in Wuhan, Central China",2018,2011-2016,2014,returning traveler,29,"pfcrt, pfmdr1, pfkelch13",China,Wuhan,,,
Zhang,10.4269/ajtmh.17-0864,"Surveillance of Antimalarial Resistance Molecular Markers in Imported Plasmodium falciparum Malaria Cases in Anhui, China, 2012–2016",2018,2012-2016,2014,returning traveler,46,"pfcrt, pfmdr1, pfkelch13",China,Anhui,,,
Monjol,10.17420/ap6304.119,Detection of Plasmodium falciparum chloroquine resistance transporter (PfCRT) mutant gene amongst malaria-infected,2017,NA,2017,pregnant women,251,pfcrt,Nigeria,Cross-River,Calabar,University of Calabar Teaching Hospital (UCTH),
Yang,10.1186/s12879-017-2634-z,"Polymorphisms of Plasmodium falciparum k13-propeller gene among migrant workers returning to Henan Province, China from Africa",2017,2012-2015,2014,returning traveler,72,pfkelch13,China,Henan,,,
Agomo,10.1371/journal.pone.0146908,"Assessment of Markers of Antimalarial Drug Resistance in Plasmodium falciparum Isolates from Pregnant Women in Lagos, Nigeria",2016,NA,2016,pregnant women,54,"pfcrt, pfmdr1, pfdhfr",Nigeria,Lagos,,,
Balogun,10.3855/jidc.6853,"Carriage of Mutant Dihydrofolate Reductase and Dihydropteroate Synthase Genes among Plasmodium falciparum Isolates Recovered from Pregnant Women with Asymptomatic Infection in Lagos, Nigeria",2016,2010-2010,2010,3-12 years (children),56,"pfcrt, pfmdr1",Nigeria,Borno,Maiduguri,University of Maiduguri Teaching Hospital (UMTH),
Oguike,10.1016/j.ijpddr.2016.08.004,Molecular determinants of sulfadoxine-pyrimethamine resistance in Plasmodium falciparum in Nigeria and the regional emergence of dhps 431V,2016,2003-2015 ,2009,NA,"589 dhps, 546 dhfr","pfdhfr, pfdhps",Nigeria,Edo; Enugu; Oyo,Benin; Enugu; Ibadan,"Benin Teaching Hospital (UBTH) and Sickle-cell centre; Damboa General hospital, Polyclinic (an extension of Park Lane hospital) and Balm of Gilead Specialist hospital; St Mary's Catholic Hospital Eleta, University College Hospital (UCH), Primary Health Care Center (PHC)",
Zhou ,10.1186/s12936-016-1306-6,Molecular mutation profile of pfcrt in Plasmodium falciparum isolates imported from Africa in Henan province,2016,2012-2015,2014,NA,74,pfcrt,China,Henan,,,
Iwalokun,10.1159/000430987,"Carriage of Mutant Dihydrofolate Reductase and Dihydropteroate Synthase Genes among Plasmodium falciparum Isolates Recovered from Pregnant Women with Asymptomatic Infection in Lagos, Nigeria",2015,2011-2011,2011,pregnant women,107,"pfdhfr, pfdhps",Nigeria,Lagos,Victoria Island,,
Kamau,10.1093/infdis/jiu608,K13-Propeller Polymorphisms in Plasmodium falciparum Parasites From Sub-Saharan Africa,2015,2013-2014,2013,≥6months,89,pfkelch13,Nigeria,Lagos,,,
Oladipu,10.1186/s13000-015-0276-2,"Persistence of chloroquine-resistant haplotypes of Plasmodium falciparum in children with uncomplicated Malaria in Lagos, Nigeria, four years after change of chloroquine as first-line antimalarial medicine",2015,2007-2008,2007,0-12 years (children),119,"pfcrt, pfmdr1",Nigeria,Lagos,Lekki and Lagos Island,,
Ashley,10.1056/nejmoa1314981,Spread of Artemisinin Resistance in Plasmodium falciparum Malaria,2014,2011-2013,2012,0.5-65 years,30,pfkelch13,Nigeria,Kwara,Ilorin,,
Plucinski,10.1093/ofid/ofu059,Novel Mutation in Cytochrome B of Plasmodium falciparum in One of Two Atovaquone-Proguanil Treatment Failures in Travelers Returning From Same Site in Nigeria,2014,2012-2013,2012,NA,2,"pfdhfr, pfdhps, pfcytb",USA,Lousisana,,,
Gbotosho,10.4269/ajtmh.2012.11-0368,Short Report: Different Patterns of pfcrt and pfmdr1 Polymorphisms in P. falciparum Isolates from Nigeria and Brazil: The Potential Role of Antimalarial Drug Selection Pressure,2012,NA,2012,6 months–12 years of age TES (children),70,"pfcrt, pfmdr1",Nigeria,Oyo,Ibadan,,
Van Schalkwyk,10.1186/1475-2875-12-320,"Culture-adapted Plasmodium falciparum isolates from UK travellers: in vitro drug sensitivity, clonality and drug resistance markers",2012,NA,2012,returning traveler,2,"pfmdr1, pfcrt, pfdhfr, pfdhps and pfap2mu",UK,,London,"Hospital for Tropical Diseases, London (HTD), or the Accident and Emergency Department of University College London Hospitals (UCLH)",
Bustamante,10.1093/infdis/jis359,In vitro-reduced susceptibility to artemether in P. falciparum and its association with polymorphisms on transporter genes,2011,NA,2011,0.5-12 years (children),109,"pfcrt, pfmdr1",Nigeria,Oyo,Ibadan,"Malaria Research Laboratories,College of medicine, University of Ibadan",
Efunshile,,Prevalence of the molecular marker of chloroquine resistance (pfcrt 76) in Nigeria 5 years after withdrawal of the drug as first-line antimalarial: A cross-sectional study,2011,2009,2009,2-15 years (children),98,pfcrt,Nigeria,Ogun,Sagamu,Olabisi Onabanjo University Teaching Hospital,
Folarin,10.1016/j.actatropica.2011.08.013,In vitro Amodiaquine Resistance and its Association with Mutations in pfcrt and pfmdr1 genes of Plasmodium falciparum isolates from Nigeria,2011,NA,2011,0.5-12 years (children),107,"pfcrt, pfmdr1",Nigeria,Oyo,Ibadan,"Malaria Research Laboratories,College of medicine, University of Ibadan",
Ojurongbe,10.4081/idr.2011.e16,Prevalence of Dihydrofolate reductase gene mutations in Plasmodium falciparum isolate from pregnant women in Nigeria,2011,,2011,pregnant women,39,pfdhfr,Nigeria,Kwara,Ilorin,,
Saito-Nakano,10.1186/1475-2875-10-388,Identification of pyrimethamine- and chloroquine-resistant Plasmodium falciparum in Africa between 1984 and 1998: genotyping of archive blood samples,2011,1984-1998,1991,NA,14,"pfcrt, pfdhfr",Japan,,,,
Ojurongbe,10.1007/s00508-010-1484-0,Molecular surveillance of drug-resistant Plasmodium falciparum in two distinct geographical areas of Nigeria,2010,2006-2007,2006,0.5-12 years (children),156,"pfcrt, pfmdr1, pfdhfr",Nigeria,Edo,Benin ,,
Sowunmi,10.1186/1475-2875-9-53,Factors contributing to delay in parasite clearance in uncomplicated falciparum malaria in children,2010,1996-2006,2001,0-12 years (children),260,"pfcrt, pfmdr1",Nigeria,"Osun, Nassarawa","Osogbo, Lafia","Ladoke Akintola University Teaching hospital, Lafia General Hospital",
Tatfeng,,"Chloroquine prophylaxis associated with high prevalence of Plasmodium falciparum pfcrt K76T mutation in people with sickle-cell disease in Benin City, Nigeria",2008,2006,2006,NA,353,pfcrt,Nigeria,Kwara,Ilorin,,
Agbonlahor,,High prevalence of Plasmodium falciparum Pfmdr1 86Y mutant gene in sickle cell disease in Nigeria,2007,2006,2006,SCA,187,pfmdr1,Nigeria,Edo,Benin ,,
Ojurongbe,10.1186/1475-2875-6-41,"Rapid detection of Pfcrt and Pfmdr1 mutations in Plasmodium falciparum isolates by FRET and in vivo response to chloroquine among children from Osogbo, Nigeria",2007,2004-2005,2004,1-12 years (children),116,"pfcrt, pfmdr1",Nigeria,Osun,Osogbo,,
Berry,10.1016/j.trstmh.2006.02.004,"Prevalence of Plasmodium falciparum cytochrome b gene mutations in isolates imported from Africa, and implications for atovaquone resistance",2006,2003-2004,2003,NA,,pfcytb,France,,Toulouse,Toulouse University Hospital,
Happi ,10.4269/ajtmh.2006.75.155,Association between mutations in Plasmodium falciparum chloroquine resistance transporter and P. falciparum multidrug resistance 1 genes and in vivo amodiaquine resistance in P. falciparum malaria-infected children in Nigeria,2006,2005,2005,0-12 years (children),106,"pfcrt, pfmdr1",Nigeria,Oyo,Ibadan,"Malaria Research Laboratories,College of medicine, University of Ibadan",
Happi ,10.1016/j.actatropica.2005.06.015,Polymorphisms in Plasmodium falciparum dhfr and dhps genes and age related in vivo sulfadoxine–pyrimethamine resistance in malaria-infected patients from Nigeria,2005,2003-2004,2003,0-12 years (children),118,"pfdhfr, pfdhps",Nigeria,Oyo,Ibadan,"Malaria Research Laboratories,College of medicine, University of Ibadan",
Olukosi,,Pattern of rural-urban acquisition of pfcrt T76 allele among Nigerian children with acute uncomplicated Plasmodium falciparum malaria,2005,2000-2002,2000,0.5-13 years (children),196,pfcrt,Nigeria,Lagos,Lagos island and Ijede,,
De Fatima,10.1007/s10096-004-1187-4,Prevalence of mutations in dihydrofolate reductase and dihydropteroate synthetase genes of Plasmodium falciparum: analysis of imported cases of malaria in Italy,2004,1995-2002,1999,returning traveler,3,"pfdhfr, pfdhps",Italy ,,Negrar,Sacro Cuore Hospital,
Happi,10.1179/000349803235002489,"Point mutations in the pfcrt and pfmdr-1 genes of Plasmodium falciparum and clinical response to chloroquine, among malaria patients from Nigeria",2003,,2003,1-12 years (children),30,"pfcrt, pfmdr1",Nigeria,Oyo,Ibadan,"Malaria Research Laboratories,College of medicine, University of Ibadan",
May,10.4269/ajtmh.2003.68.143,Association of Plasmodium falciparum chloroquine resistance transporter variant T76 with age-related plasma chloroquine levels,2003,1996-1997,1996,NA,100,pfcrt,Nigeria,Oyo,Abanla,,