Author,doi,title,year of publication,year of sample collection,corrected year,study focus,state,city,sample size Nigeria only,haplotype DHPS,haplotype DHFR,prevalence,"prevalence of N51I, C59R, S108N + A437G"
Plucinski,10.1093/ofid/ofu059,Novel Mutation in Cytochrome B of Plasmodium falciparum in One of Two Atovaquone-Proguanil Treatment Failures in Travelers Returning From Same Site in Nigeria,2014,2012-2013,2012,returning travelers,,,2,"436A, A437G","N51I, C59R, S108N",1,1
Quan,10.1186/s40249-020-00712-4,"High multiple mutations of Plasmodium falciparum-resistant genotypes to sulphadoxine-pyrimethamine in Lagos, Nigeria",2020,2010-2014,2012,na,Lagos,Lagos,141,A437G,"N51I, C59R, S108N",0.426,0.97
Quan,10.1186/s40249-020-00712-4,"High multiple mutations of Plasmodium falciparum-resistant genotypes to sulphadoxine-pyrimethamine in Lagos, Nigeria",2020,2010-2014,2012,na,Lagos,Lagos,141,"436A, A437G","N51I, C59R, S108N",0.05,
Quan,10.1186/s40249-020-00712-4,"High multiple mutations of Plasmodium falciparum-resistant genotypes to sulphadoxine-pyrimethamine in Lagos, Nigeria",2020,2010-2014,2012,na,Lagos,Lagos,141,"A437G, 613S","N51I, C59R, S108N",0.035,
Quan,10.1186/s40249-020-00712-4,"High multiple mutations of Plasmodium falciparum-resistant genotypes to sulphadoxine-pyrimethamine in Lagos, Nigeria",2020,2010-2014,2012,na,Lagos,Lagos,141,"A437G, A581G","N51I, C59R, S108N",0.014,
Quan,10.1186/s40249-020-00712-4,"High multiple mutations of Plasmodium falciparum-resistant genotypes to sulphadoxine-pyrimethamine in Lagos, Nigeria",2020,2010-2014,2012,na,Lagos,Lagos,141,"436A, A437G, 613S","N51I, C59R, S108N",0.099,
Quan,10.1186/s40249-020-00712-4,"High multiple mutations of Plasmodium falciparum-resistant genotypes to sulphadoxine-pyrimethamine in Lagos, Nigeria",2020,2010-2014,2012,na,Lagos,Lagos,141,"A437G, A581G, 613S","N51I, C59R, S108N",0.028,
Quan,10.1186/s40249-020-00712-4,"High multiple mutations of Plasmodium falciparum-resistant genotypes to sulphadoxine-pyrimethamine in Lagos, Nigeria",2020,2010-2014,2012,na,Lagos,Lagos,141,"431V, 436A, A437G","N51I, C59R, S108N",0.007,
Quan,10.1186/s40249-020-00712-4,"High multiple mutations of Plasmodium falciparum-resistant genotypes to sulphadoxine-pyrimethamine in Lagos, Nigeria",2020,2010-2014,2012,na,Lagos,Lagos,141,"436A, A437G, A581G","N51I, C59R, S108N",0.028,
Quan,10.1186/s40249-020-00712-4,"High multiple mutations of Plasmodium falciparum-resistant genotypes to sulphadoxine-pyrimethamine in Lagos, Nigeria",2020,2010-2014,2012,na,Lagos,Lagos,141,"431V, 436A, A437G, A581G","N51I, C59R, S108N",0.028,
Quan,10.1186/s40249-020-00712-4,"High multiple mutations of Plasmodium falciparum-resistant genotypes to sulphadoxine-pyrimethamine in Lagos, Nigeria",2020,2010-2014,2012,na,Lagos,Lagos,141,"431V, 436A, A437G, 613S","N51I, C59R, S108N",0.014,
Quan,10.1186/s40249-020-00712-4,"High multiple mutations of Plasmodium falciparum-resistant genotypes to sulphadoxine-pyrimethamine in Lagos, Nigeria",2020,2010-2014,2012,na,Lagos,Lagos,141,"436A, A437G, A581G, 613S","N51I, C59R, S108N",0.014,
Quan,10.1186/s40249-020-00712-4,"High multiple mutations of Plasmodium falciparum-resistant genotypes to sulphadoxine-pyrimethamine in Lagos, Nigeria",2020,2010-2014,2012,na,Lagos,Lagos,141,"431V, 436A, A437G, A581G, 613S","N51I, C59R, S108N",0.224,
Esu,10.1007/s00436-018-5754-5,Prevalence of the Pfdhfr and Pfdhps mutations among asymptomatic pregnant women in Southeast Nigeria,2018,2013-2014,2013,pregnant women,Cross-River,Calabar,28,"436A, A437G, A581G, 613S","N51I, C59R, S108N",0.714,0.93
Esu,10.1007/s00436-018-5754-5,Prevalence of the Pfdhfr and Pfdhps mutations among asymptomatic pregnant women in Southeast Nigeria,2018,2013-2014,2013,pregnant women,Cross-River,Calabar,28,"436A, A437G","N51I, C59R, S108N",0.107,
Esu,10.1007/s00436-018-5754-5,Prevalence of the Pfdhfr and Pfdhps mutations among asymptomatic pregnant women in Southeast Nigeria,2018,2013-2014,2013,pregnant women,Cross-River,Calabar,28,A437G,"N51I, C59R, S108N",0.107,
Kayode,10.1038/s41598-020-80017-6,Polymorphisms in Plasmodium falciparum dihydropteroate synthetase and dihydrofolate reductase genes in Nigerian children with uncomplicated malaria using high-resolution melting technique,2021,2014-2015,2014,children,Adamawa,,50,437G ,"N51I, C59R, S108N",0.38,
Kayode,10.1038/s41598-020-80017-6,Polymorphisms in Plasmodium falciparum dihydropteroate synthetase and dihydrofolate reductase genes in Nigerian children with uncomplicated malaria using high-resolution melting technique,2021,2014-2015,2014,children,Bayelsa,,45,437G ,"N51I, C59R, S108N",0.422,
Kayode,10.1038/s41598-020-80017-6,Polymorphisms in Plasmodium falciparum dihydropteroate synthetase and dihydrofolate reductase genes in Nigerian children with uncomplicated malaria using high-resolution melting technique,2021,2014-2015,2014,children,Imo,,82,437G ,"N51I, C59R, S108N",0.573,
Kayode,10.1038/s41598-020-80017-6,Polymorphisms in Plasmodium falciparum dihydropteroate synthetase and dihydrofolate reductase genes in Nigerian children with uncomplicated malaria using high-resolution melting technique,2021,2014-2015,2014,children,Kwara,,45,437G ,"N51I, C59R, S108N",0.778,
Kayode,10.1038/s41598-020-80017-6,Polymorphisms in Plasmodium falciparum dihydropteroate synthetase and dihydrofolate reductase genes in Nigerian children with uncomplicated malaria using high-resolution melting technique,2021,2014-2015,2014,children,Sokoto,,49,437G ,"N51I, C59R, S108N",0.469,
Xu,10.1128/AAC.01927-18,Mutation Profile of pfdhfr and pfdhps in Plasmodium falciparum among Returned Chinese Migrant Workers from Africa,2019,2013-2016,2015,returning traveler,Shandong,,36,A437G,"N51I, C59R, S108N",0.333,0.42
Xu,10.1128/AAC.01927-18,Mutation Profile of pfdhfr and pfdhps in Plasmodium falciparum among Returned Chinese Migrant Workers from Africa,2019,2013-2016,2015,returning traveler,Shandong,,36,"A437G, 540E","N51I, C59R, S108N",0.028,
Xu,10.1128/AAC.01927-18,Mutation Profile of pfdhfr and pfdhps in Plasmodium falciparum among Returned Chinese Migrant Workers from Africa,2019,2013-2016,2015,returning traveler,Shandong,,36,"A437G, 540E, A581G or 613S","N51I, C59R, S108N",0.056,
Jiang,10.1186/s12936-020-03509-w,"Molecular surveillance of antimalarial resistance Pfdhfr and Pfdhps polymorphisms in African and Southeast Asia Plasmodium falciparum imported parasites to Wuhan, China",2020,2011-2019,2015,returning traveler,Hubei,Wuhan,33,"436A, A437G","N51I, C59R, S108N",0.09,0.9
Jiang,10.1186/s12936-020-03509-w,"Molecular surveillance of antimalarial resistance Pfdhfr and Pfdhps polymorphisms in African and Southeast Asia Plasmodium falciparum imported parasites to Wuhan, China",2020,2011-2019,2015,returning traveler,Hubei,Wuhan,33,"436A, A437G, 613S","N51I, C59R, S108N",0.45,
Jiang,10.1186/s12936-020-03509-w,"Molecular surveillance of antimalarial resistance Pfdhfr and Pfdhps polymorphisms in African and Southeast Asia Plasmodium falciparum imported parasites to Wuhan, China",2020,2011-2019,2015,returning traveler,Hubei,Wuhan,33,A437G,"N51I, C59R, S108N",0.36,
Zhao,10.3389/fcimb.2021.644576,"Surveillance of Antimalarial Drug-Resistance Genes in Imported Plasmodium falciparum Isolates From Nigeria in Henan, China, 2012 2019",2021,2012-2019,2016,Returning traveler,Henan,,167,"431V, 436A, A437G, A581G, 613S","N51I, C59R, S108N",0.17,0.74
Zhao,10.3389/fcimb.2021.644576,"Surveillance of Antimalarial Drug-Resistance Genes in Imported Plasmodium falciparum Isolates From Nigeria in Henan, China, 2012 2019",2021,2012-2019,2016,Returning traveler,Henan,,167,"431V, 436A, A437G, A581G","N51I, C59R, S108N",0.013,
Zhao,10.3389/fcimb.2021.644576,"Surveillance of Antimalarial Drug-Resistance Genes in Imported Plasmodium falciparum Isolates From Nigeria in Henan, China, 2012 2019",2021,2012-2019,2016,Returning traveler,Henan,,167,"431V, 436A, A437G, 613S","N51I, C59R, S108N",0.013,
Zhao,10.3389/fcimb.2021.644576,"Surveillance of Antimalarial Drug-Resistance Genes in Imported Plasmodium falciparum Isolates From Nigeria in Henan, China, 2012 2019",2021,2012-2019,2016,Returning traveler,Henan,,167,"431V, A437G, A581G, 613S","N51I, C59R, S108N",0.006,
Zhao,10.3389/fcimb.2021.644576,"Surveillance of Antimalarial Drug-Resistance Genes in Imported Plasmodium falciparum Isolates From Nigeria in Henan, China, 2012 2019",2021,2012-2019,2016,Returning traveler,Henan,,167,"431V, 436A, A437G","N51I, C59R, S108N",0.038,
Zhao,10.3389/fcimb.2021.644576,"Surveillance of Antimalarial Drug-Resistance Genes in Imported Plasmodium falciparum Isolates From Nigeria in Henan, China, 2012 2019",2021,2012-2019,2016,Returning traveler,Henan,,167,"436A, A437G, 613S","N51I, C59R, S108N",0.057,
Zhao,10.3389/fcimb.2021.644576,"Surveillance of Antimalarial Drug-Resistance Genes in Imported Plasmodium falciparum Isolates From Nigeria in Henan, China, 2012 2019",2021,2012-2019,2016,Returning traveler,Henan,,167,"436A, A437G","N51I, C59R, S108N",0.044,
Zhao,10.3389/fcimb.2021.644576,"Surveillance of Antimalarial Drug-Resistance Genes in Imported Plasmodium falciparum Isolates From Nigeria in Henan, China, 2012 2019",2021,2012-2019,2016,Returning traveler,Henan,,167,A437G,"N51I, C59R, S108N, 164L",0.006,
Zhao,10.3389/fcimb.2021.644576,"Surveillance of Antimalarial Drug-Resistance Genes in Imported Plasmodium falciparum Isolates From Nigeria in Henan, China, 2012 2019",2021,2012-2019,2016,Returning traveler,Henan,,167,A437G,"N51I, C59R, S108N",0.39,
Fagbemi,10.1016/j.meegid.2020.104503,"Analysis of sulphadoxine pyrimethamine resistance-associated mutations in Plasmodium falciparum isolates obtained from asymptomatic pregnant women in Ogun State, Southwest Nigeria",2020,2018-2019,2018,pregnant women,Ogun,Ijebu-Ode; Abeokuta; Ijebu-Igbo;  Ifo,43,A437G,"N51I, C59R, S108N",0.02,0.98
Fagbemi,10.1016/j.meegid.2020.104503,"Analysis of sulphadoxine pyrimethamine resistance-associated mutations in Plasmodium falciparum isolates obtained from asymptomatic pregnant women in Ogun State, Southwest Nigeria",2020,2018-2019,2018,pregnant women,Ogun,Ijebu-Ode; Abeokuta; Ijebu-Igbo;  Ifo,43,"A437G, A581G","N51I, C59R, S108N",0.44,
Fagbemi,10.1016/j.meegid.2020.104503,"Analysis of sulphadoxine pyrimethamine resistance-associated mutations in Plasmodium falciparum isolates obtained from asymptomatic pregnant women in Ogun State, Southwest Nigeria",2020,2018-2019,2018,pregnant women,Ogun,Ijebu-Ode; Abeokuta; Ijebu-Igbo;  Ifo,43,"436A, A437G, 613S","N51I, C59R, S108N",0.29,
Fagbemi,10.1016/j.meegid.2020.104503,"Analysis of sulphadoxine pyrimethamine resistance-associated mutations in Plasmodium falciparum isolates obtained from asymptomatic pregnant women in Ogun State, Southwest Nigeria",2020,2018-2019,2018,pregnant women,Ogun,Ijebu-Ode; Abeokuta; Ijebu-Igbo;  Ifo,43,"436A, A437G, A581G","N51I, C59R, S108N",0.14,
Fagbemi,10.1016/j.meegid.2020.104503,"Analysis of sulphadoxine pyrimethamine resistance-associated mutations in Plasmodium falciparum isolates obtained from asymptomatic pregnant women in Ogun State, Southwest Nigeria",2020,2018-2019,2018,pregnant women,Ogun,Ijebu-Ode; Abeokuta; Ijebu-Igbo;  Ifo,43,"436A, A437G, A581G, 613S","N51I, C59R, S108N",0.09,
Figueroa-Romero,10.1016/S2214-109X(23)00414-X,Prevalence of molecular markers of resistance to sulfadoxine pyrimethamine before and after community delivery of intermittent preventive treatment of malaria in pregnancy in sub-Saharan Africa: a multi-country evaluation,2023,2018-2018,2018,children < 5 years,Ebonyi,"Ohaukwu, Ezza-South",702,A437G,"N51I, C59R, S108N",0.33,0.6
Figueroa-Romero,10.1016/S2214-109X(23)00414-X,Prevalence of molecular markers of resistance to sulfadoxine pyrimethamine before and after community delivery of intermittent preventive treatment of malaria in pregnancy in sub-Saharan Africa: a multi-country evaluation,2023,2018-2018,2018,children < 5 years,Ebonyi,"Ohaukwu, Ezza-South",702,"436A, A437G, 613S","N51I, C59R, S108N",0.038,
Figueroa-Romero,10.1016/S2214-109X(23)00414-X,Prevalence of molecular markers of resistance to sulfadoxine pyrimethamine before and after community delivery of intermittent preventive treatment of malaria in pregnancy in sub-Saharan Africa: a multi-country evaluation,2023,2018-2018,2018,children < 5 years,Ebonyi,"Ohaukwu, Ezza-South",702,"431V, 436A, A437G","N51I, C59R, S108N",0.19,
Figueroa-Romero,10.1016/S2214-109X(23)00414-X,Prevalence of molecular markers of resistance to sulfadoxine pyrimethamine before and after community delivery of intermittent preventive treatment of malaria in pregnancy in sub-Saharan Africa: a multi-country evaluation,2023,2018-2018,2018,children < 5 years,Ebonyi,"Ohaukwu, Ezza-South",702,"431V, 436A, A437G, 613S","N51I, C59R, S108N",0.037,
Wang,10.1128/spectrum.00528-22,Molecular Epidemiology of Drug Resistance Genes in Plasmodium falciparum Isolates Imported from Nigeria between 2016 and 2020: Continued Emergence of Fully Resistant Pfdhfr- Pfdhps Alleles,2022,2016-2020,2018,returning traveler,Zhejiang,,145,A437G,"N51I, C59R, S108N",0.344,0.65
Wang,10.1128/spectrum.00528-22,Molecular Epidemiology of Drug Resistance Genes in Plasmodium falciparum Isolates Imported from Nigeria between 2016 and 2020: Continued Emergence of Fully Resistant Pfdhfr- Pfdhps Alleles,2022,2016-2020,2018,returning traveler,Zhejiang,,145,"436A, A437G, 613S","N51I, C59R, S108N",0.0709,
Wang,10.1128/spectrum.00528-22,Molecular Epidemiology of Drug Resistance Genes in Plasmodium falciparum Isolates Imported from Nigeria between 2016 and 2020: Continued Emergence of Fully Resistant Pfdhfr- Pfdhps Alleles,2022,2016-2020,2018,returning traveler,Zhejiang,,145,"436A, A437G, A581G","N51I, C59R, S108N",0.0142,
Wang,10.1128/spectrum.00528-22,Molecular Epidemiology of Drug Resistance Genes in Plasmodium falciparum Isolates Imported from Nigeria between 2016 and 2020: Continued Emergence of Fully Resistant Pfdhfr- Pfdhps Alleles,2022,2016-2020,2018,returning traveler,Zhejiang,,145,"431V, 436A, A437G","N51I, C59R, S108N",0.0213,
Wang,10.1128/spectrum.00528-22,Molecular Epidemiology of Drug Resistance Genes in Plasmodium falciparum Isolates Imported from Nigeria between 2016 and 2020: Continued Emergence of Fully Resistant Pfdhfr- Pfdhps Alleles,2022,2016-2020,2018,returning traveler,Zhejiang,,145,"431V, A437G, A581G","N51I, C59R, S108N",0.0142,
Wang,10.1128/spectrum.00528-22,Molecular Epidemiology of Drug Resistance Genes in Plasmodium falciparum Isolates Imported from Nigeria between 2016 and 2020: Continued Emergence of Fully Resistant Pfdhfr- Pfdhps Alleles,2022,2016-2020,2018,returning traveler,Zhejiang,,145,"431V, A437G, 613S","N51I, C59R, S108N",0.0071,
Wang,10.1128/spectrum.00528-22,Molecular Epidemiology of Drug Resistance Genes in Plasmodium falciparum Isolates Imported from Nigeria between 2016 and 2020: Continued Emergence of Fully Resistant Pfdhfr- Pfdhps Alleles,2022,2016-2020,2018,returning traveler,Zhejiang,,145,"431V, 436A, A437G, 613S","N51I, C59R, S108N",0.0071,
Wang,10.1128/spectrum.00528-22,Molecular Epidemiology of Drug Resistance Genes in Plasmodium falciparum Isolates Imported from Nigeria between 2016 and 2020: Continued Emergence of Fully Resistant Pfdhfr- Pfdhps Alleles,2022,2016-2020,2018,returning traveler,Zhejiang,,145,"431V, 436A, A437G, A581G","N51I, C59R, S108N",0.0071,
Wang,10.1128/spectrum.00528-22,Molecular Epidemiology of Drug Resistance Genes in Plasmodium falciparum Isolates Imported from Nigeria between 2016 and 2020: Continued Emergence of Fully Resistant Pfdhfr- Pfdhps Alleles,2022,2016-2020,2018,returning traveler,Zhejiang,,145,"436A, A437G, A581G, 613S","N51I, C59R, S108N",0.0071,
Wang,10.1128/spectrum.00528-22,Molecular Epidemiology of Drug Resistance Genes in Plasmodium falciparum Isolates Imported from Nigeria between 2016 and 2020: Continued Emergence of Fully Resistant Pfdhfr- Pfdhps Alleles,2022,2016-2020,2018,returning traveler,Zhejiang,,145,"431V, 436A, A437G, A581G, 613S","N51I, C59R, S108N",0.156,
Adegbola,10.1186/s12936-023-04487-5,A snapshot of the prevalence of dihydropteroate synthase-431V mutation and other sulfadoxine-pyrimethamine resistance markers in Plasmodium falciparum isolates in Nigeria,2023,2020-2021,2020,pregnant women and other adults (data could not be separated well for our purpose),Osun,Ile-Ife,56,A437G,"N51I, C59R, S108N",0.339,0.89
Adegbola,10.1186/s12936-023-04487-5,A snapshot of the prevalence of dihydropteroate synthase-431V mutation and other sulfadoxine-pyrimethamine resistance markers in Plasmodium falciparum isolates in Nigeria,2023,2020-2021,2020,pregnant women and other adults (data could not be separated well for our purpose),Osun,Ile-Ife,56,"436A, A437G","N51I, C59R, S108N",0.054,
Adegbola,10.1186/s12936-023-04487-5,A snapshot of the prevalence of dihydropteroate synthase-431V mutation and other sulfadoxine-pyrimethamine resistance markers in Plasmodium falciparum isolates in Nigeria,2023,2020-2021,2020,pregnant women and other adults (data could not be separated well for our purpose),Osun,Ile-Ife,56,"431V, A437G","N51I, C59R, S108N",0.142,
Adegbola,10.1186/s12936-023-04487-5,A snapshot of the prevalence of dihydropteroate synthase-431V mutation and other sulfadoxine-pyrimethamine resistance markers in Plasmodium falciparum isolates in Nigeria,2023,2020-2021,2020,pregnant women and other adults (data could not be separated well for our purpose),Osun,Ile-Ife,56,"A437G, A581G, 613S","N51I, C59R, S108N",0.089,
Adegbola,10.1186/s12936-023-04487-5,A snapshot of the prevalence of dihydropteroate synthase-431V mutation and other sulfadoxine-pyrimethamine resistance markers in Plasmodium falciparum isolates in Nigeria,2023,2020-2021,2020,pregnant women and other adults (data could not be separated well for our purpose),Osun,Ile-Ife,56,"436A, A437G, A581G, 613S","N51I, C59R, S108N",0.018,
Adegbola,10.1186/s12936-023-04487-5,A snapshot of the prevalence of dihydropteroate synthase-431V mutation and other sulfadoxine-pyrimethamine resistance markers in Plasmodium falciparum isolates in Nigeria,2023,2020-2021,2020,pregnant women and other adults (data could not be separated well for our purpose),Osun,Ile-Ife,56,"431V, A437G, 613S","N51I, C59R, S108N",0.089,
Adegbola,10.1186/s12936-023-04487-5,A snapshot of the prevalence of dihydropteroate synthase-431V mutation and other sulfadoxine-pyrimethamine resistance markers in Plasmodium falciparum isolates in Nigeria,2023,2020-2021,2020,pregnant women and other adults (data could not be separated well for our purpose),Osun,Ile-Ife,56,"431V, A437G, A581G, 613S","N51I, C59R, S108N",0.161,
Figueroa-Romero,10.1016/S2214-109X(23)00414-X,Prevalence of molecular markers of resistance to sulfadoxine pyrimethamine before and after community delivery of intermittent preventive treatment of malaria in pregnancy in sub-Saharan Africa: a multi-country evaluation,2023,2021-2021,2021,children < 5 years,Ebonyi,"Ohaukwu, Ezza-South",600,A437G,"N51I, C59R, S108N",0.26,0.67
Figueroa-Romero,10.1016/S2214-109X(23)00414-X,Prevalence of molecular markers of resistance to sulfadoxine pyrimethamine before and after community delivery of intermittent preventive treatment of malaria in pregnancy in sub-Saharan Africa: a multi-country evaluation,2023,2021-2021,2021,children < 5 years,Ebonyi,"Ohaukwu, Ezza-South",600,"A437G, A581G","N51I, C59R, S108N",0.0016,
Figueroa-Romero,10.1016/S2214-109X(23)00414-X,Prevalence of molecular markers of resistance to sulfadoxine pyrimethamine before and after community delivery of intermittent preventive treatment of malaria in pregnancy in sub-Saharan Africa: a multi-country evaluation,2023,2021-2021,2021,children < 5 years,Ebonyi,"Ohaukwu, Ezza-South",600,"436V, A437G","N51I, C59R, S108N",0.0016,
Figueroa-Romero,10.1016/S2214-109X(23)00414-X,Prevalence of molecular markers of resistance to sulfadoxine pyrimethamine before and after community delivery of intermittent preventive treatment of malaria in pregnancy in sub-Saharan Africa: a multi-country evaluation,2023,2021-2021,2021,children < 5 years,Ebonyi,"Ohaukwu, Ezza-South",600,"436A, A437G, 613S","N51I, C59R, S108N",0.02,
Figueroa-Romero,10.1016/S2214-109X(23)00414-X,Prevalence of molecular markers of resistance to sulfadoxine pyrimethamine before and after community delivery of intermittent preventive treatment of malaria in pregnancy in sub-Saharan Africa: a multi-country evaluation,2023,2021-2021,2021,children < 5 years,Ebonyi,"Ohaukwu, Ezza-South",600,"431V, 436A, A437G","N51I, C59R, S108N",0.35,
Figueroa-Romero,10.1016/S2214-109X(23)00414-X,Prevalence of molecular markers of resistance to sulfadoxine pyrimethamine before and after community delivery of intermittent preventive treatment of malaria in pregnancy in sub-Saharan Africa: a multi-country evaluation,2023,2021-2021,2021,children < 5 years,Ebonyi,"Ohaukwu, Ezza-South",600,"431V, 436A, A437G, 613S","N51I, C59R, S108N",0.0015,
Figueroa-Romero,10.1016/S2214-109X(23)00414-X,Prevalence of molecular markers of resistance to sulfadoxine pyrimethamine before and after community delivery of intermittent preventive treatment of malaria in pregnancy in sub-Saharan Africa: a multi-country evaluation,2023,2021-2021,2021,children < 5 years,Ebonyi,"Ohaukwu, Ezza-South",600,"431V, 436A, A437G, A581G","N51I, C59R, S108N",0.02,
Figueroa-Romero,10.1016/S2214-109X(23)00414-X,Prevalence of molecular markers of resistance to sulfadoxine pyrimethamine before and after community delivery of intermittent preventive treatment of malaria in pregnancy in sub-Saharan Africa: a multi-country evaluation,2023,2021-2021,2021,children < 5 years,Ebonyi,"Ohaukwu, Ezza-South",600,"431V, 436A, A437G","N51I, C59R, S108N, 164L",0.0016,
Figueroa-Romero,10.1016/S2214-109X(23)00414-X,Prevalence of molecular markers of resistance to sulfadoxine pyrimethamine before and after community delivery of intermittent preventive treatment of malaria in pregnancy in sub-Saharan Africa: a multi-country evaluation,2023,2021-2021,2021,children < 5 years,Ebonyi,"Ohaukwu, Ezza-South",600,"436A, A437G, A581G, 613S","N51I, C59R, S108N",0.0016,
Figueroa-Romero,10.1016/S2214-109X(23)00414-X,Prevalence of molecular markers of resistance to sulfadoxine pyrimethamine before and after community delivery of intermittent preventive treatment of malaria in pregnancy in sub-Saharan Africa: a multi-country evaluation,2023,2021-2021,2021,children < 5 years,Ebonyi,"Ohaukwu, Ezza-South",600,"431V, 436A, A437G, A581G, 613S","N51I, C59R, S108N",0.01,
Martín Ramírez,10.1186/s41182-025-00732-6,"Mutational profile of pfdhfr, pfdhps, pfmdr1, pfcrt and pfk13 genes of P. falciparum associated with resistance to different antimalarial drugs in Osun state, southwestern Nigeria",2025,2021,2021,children,Osun,Ore,266,437G,"51I, 59R, 108N",0.1767,
Martín Ramírez,10.1186/s41182-025-00732-6,"Mutational profile of pfdhfr, pfdhps, pfmdr1, pfcrt and pfk13 genes of P. falciparum associated with resistance to different antimalarial drugs in Osun state, southwestern Nigeria",2025,2021,2021,children,Osun,Ore,266,"436A, 437G","51I, 59R, 108N",0.1128,
Martín Ramírez,10.1186/s41182-025-00732-6,"Mutational profile of pfdhfr, pfdhps, pfmdr1, pfcrt and pfk13 genes of P. falciparum associated with resistance to different antimalarial drugs in Osun state, southwestern Nigeria",2025,2021,2021,children,Osun,Ore,266,"436F, 437G","51I, 59R, 108N",0.1203,
Martín Ramírez,10.1186/s41182-025-00732-6,"Mutational profile of pfdhfr, pfdhps, pfmdr1, pfcrt and pfk13 genes of P. falciparum associated with resistance to different antimalarial drugs in Osun state, southwestern Nigeria",2025,2021,2021,children,Osun,Ore,266,"431V, 436A, 437G, 540E","51I, 59R, 108N",0.0038,
Martín Ramírez,10.1186/s41182-025-00732-6,"Mutational profile of pfdhfr, pfdhps, pfmdr1, pfcrt and pfk13 genes of P. falciparum associated with resistance to different antimalarial drugs in Osun state, southwestern Nigeria",2025,2021,2021,children,Osun,Ore,266,"437G, 613S","51I, 59R, 108N",0.0075,
Martín Ramírez,10.1186/s41182-025-00732-6,"Mutational profile of pfdhfr, pfdhps, pfmdr1, pfcrt and pfk13 genes of P. falciparum associated with resistance to different antimalarial drugs in Osun state, southwestern Nigeria",2025,2021,2021,children,Osun,Ore,266,"437G, 581G, 613S","51I, 59R, 108N",0.0263,
Martín Ramírez,10.1186/s41182-025-00732-6,"Mutational profile of pfdhfr, pfdhps, pfmdr1, pfcrt and pfk13 genes of P. falciparum associated with resistance to different antimalarial drugs in Osun state, southwestern Nigeria",2025,2021,2021,children,Osun,Ore,266,"437G, 581G","51I, 59R, 108N",0.0789,
Martín Ramírez,10.1186/s41182-025-00732-6,"Mutational profile of pfdhfr, pfdhps, pfmdr1, pfcrt and pfk13 genes of P. falciparum associated with resistance to different antimalarial drugs in Osun state, southwestern Nigeria",2025,2021,2021,children,Osun,Ore,266,"431V, 436A, 437G","51I, 59R, 108N",0.0226,
Martín Ramírez,10.1186/s41182-025-00732-6,"Mutational profile of pfdhfr, pfdhps, pfmdr1, pfcrt and pfk13 genes of P. falciparum associated with resistance to different antimalarial drugs in Osun state, southwestern Nigeria",2025,2021,2021,children,Osun,Ore,266,"431V, 436A, 437G, 581G, 613S","51I, 59R, 108N",0.0977,
Martín Ramírez,10.1186/s41182-025-00732-6,"Mutational profile of pfdhfr, pfdhps, pfmdr1, pfcrt and pfk13 genes of P. falciparum associated with resistance to different antimalarial drugs in Osun state, southwestern Nigeria",2025,2021,2021,children,Osun,Ore,266,"431V, 436A, 437G, 581G","51I, 59R, 108N",0.0451,
Martín Ramírez,10.1186/s41182-025-00732-6,"Mutational profile of pfdhfr, pfdhps, pfmdr1, pfcrt and pfk13 genes of P. falciparum associated with resistance to different antimalarial drugs in Osun state, southwestern Nigeria",2025,2021,2021,children,Osun,Ore,266,"431V, 437G, 613S","51I, 59R, 108N",0.0038,
Martín Ramírez,10.1186/s41182-025-00732-6,"Mutational profile of pfdhfr, pfdhps, pfmdr1, pfcrt and pfk13 genes of P. falciparum associated with resistance to different antimalarial drugs in Osun state, southwestern Nigeria",2025,2021,2021,children,Osun,Ore,266,"431V, 437G, 581G, 613S","51I, 59R, 108N",0.0038,
Martín Ramírez,10.1186/s41182-025-00732-6,"Mutational profile of pfdhfr, pfdhps, pfmdr1, pfcrt and pfk13 genes of P. falciparum associated with resistance to different antimalarial drugs in Osun state, southwestern Nigeria",2025,2021,2021,children,Osun,Ore,266,"431V, 437G, 581G","51I, 59R, 108N",0.0113,
Martín Ramírez,10.1186/s41182-025-00732-6,"Mutational profile of pfdhfr, pfdhps, pfmdr1, pfcrt and pfk13 genes of P. falciparum associated with resistance to different antimalarial drugs in Osun state, southwestern Nigeria",2025,2021,2021,children,Osun,Ore,266,"436A, 581G, 613S","51I, 59R, 108N",0.0113,
Martín Ramírez,10.1186/s41182-025-00732-6,"Mutational profile of pfdhfr, pfdhps, pfmdr1, pfcrt and pfk13 genes of P. falciparum associated with resistance to different antimalarial drugs in Osun state, southwestern Nigeria",2025,2021,2021,children,Osun,Ore,266,"436A, 581G, 613S","51I, 59R, 108N",0.0038,
Martín Ramírez,10.1186/s41182-025-00732-6,"Mutational profile of pfdhfr, pfdhps, pfmdr1, pfcrt and pfk13 genes of P. falciparum associated with resistance to different antimalarial drugs in Osun state, southwestern Nigeria",2025,2021,2021,children,Osun,Ore,266,436A,"51I, 59R, 108N",0.0113,
Martín Ramírez,10.1186/s41182-025-00732-6,"Mutational profile of pfdhfr, pfdhps, pfmdr1, pfcrt and pfk13 genes of P. falciparum associated with resistance to different antimalarial drugs in Osun state, southwestern Nigeria",2025,2021,2021,children,Osun,Ore,266,436F,"51I, 59R, 108N",0.0038,
Martín Ramírez,10.1186/s41182-025-00732-6,"Mutational profile of pfdhfr, pfdhps, pfmdr1, pfcrt and pfk13 genes of P. falciparum associated with resistance to different antimalarial drugs in Osun state, southwestern Nigeria",2025,2021,2021,children,Osun,Ore,266,"436F, 437G",108N,0.0038,
Martín Ramírez,10.1186/s41182-025-00732-6,"Mutational profile of pfdhfr, pfdhps, pfmdr1, pfcrt and pfk13 genes of P. falciparum associated with resistance to different antimalarial drugs in Osun state, southwestern Nigeria",2025,2021,2021,children,Osun,Ore,266,"436F, 437G","51R, 108N",0.0038,
Martín Ramírez,10.1186/s41182-025-00732-6,"Mutational profile of pfdhfr, pfdhps, pfmdr1, pfcrt and pfk13 genes of P. falciparum associated with resistance to different antimalarial drugs in Osun state, southwestern Nigeria",2025,2021,2021,children,Osun,Ore,266,"436A, 613S","51I, 59R, 108N",0.0038,
Martín Ramírez,10.1186/s41182-025-00732-6,"Mutational profile of pfdhfr, pfdhps, pfmdr1, pfcrt and pfk13 genes of P. falciparum associated with resistance to different antimalarial drugs in Osun state, southwestern Nigeria",2025,2021,2021,children,Osun,Ore,266,"436A, 437G, 613S","51I, 59R, 108N",0.0602,
Martín Ramírez,10.1186/s41182-025-00732-6,"Mutational profile of pfdhfr, pfdhps, pfmdr1, pfcrt and pfk13 genes of P. falciparum associated with resistance to different antimalarial drugs in Osun state, southwestern Nigeria",2025,2021,2021,children,Osun,Ore,266,"436A, 437G, 581G","51I, 59R, 108N",0.0564,
Martín Ramírez,10.1186/s41182-025-00732-6,"Mutational profile of pfdhfr, pfdhps, pfmdr1, pfcrt and pfk13 genes of P. falciparum associated with resistance to different antimalarial drugs in Osun state, southwestern Nigeria",2025,2021,2021,children,Osun,Ore,266,"436F, 437G, 581G","51I, 59R, 108N",0.0414,
Martín Ramírez,10.1186/s41182-025-00732-6,"Mutational profile of pfdhfr, pfdhps, pfmdr1, pfcrt and pfk13 genes of P. falciparum associated with resistance to different antimalarial drugs in Osun state, southwestern Nigeria",2025,2021,2021,children,Osun,Ore,266,"436A, 437G, 581G, 613S","51I, 59R, 108N",0.0414,
Martín Ramírez,10.1186/s41182-025-00732-6,"Mutational profile of pfdhfr, pfdhps, pfmdr1, pfcrt and pfk13 genes of P. falciparum associated with resistance to different antimalarial drugs in Osun state, southwestern Nigeria",2025,2021,2021,children,Osun,Ore,266,"436A, 437G, 581G, 613S","59R, 108N",0.0038,
Martín Ramírez,10.1186/s41182-025-00732-6,"Mutational profile of pfdhfr, pfdhps, pfmdr1, pfcrt and pfk13 genes of P. falciparum associated with resistance to different antimalarial drugs in Osun state, southwestern Nigeria",2025,2021,2021,children,Osun,Ore,266,437G,"51I, 108N",0.0075,
Martín Ramírez,10.1186/s41182-025-00732-6,"Mutational profile of pfdhfr, pfdhps, pfmdr1, pfcrt and pfk13 genes of P. falciparum associated with resistance to different antimalarial drugs in Osun state, southwestern Nigeria",2025,2021,2021,children,Osun,Ore,266,"431V, 436F, 581G, 613S","51I, 59R, 108N",0.0038,
Martín Ramírez,10.1186/s41182-025-00732-6,"Mutational profile of pfdhfr, pfdhps, pfmdr1, pfcrt and pfk13 genes of P. falciparum associated with resistance to different antimalarial drugs in Osun state, southwestern Nigeria",2025,2021,2021,children,Osun,Ore,266,"436F, 437G, 613S","51I, 59R, 108N",0.0038,
Martín Ramírez,10.1186/s41182-025-00732-6,"Mutational profile of pfdhfr, pfdhps, pfmdr1, pfcrt and pfk13 genes of P. falciparum associated with resistance to different antimalarial drugs in Osun state, southwestern Nigeria",2025,2021,2021,children,Osun,Ore,266,"436F, 437G, 581G, 613S","51I, 59R, 108N",0.0038,
Martín Ramírez,10.1186/s41182-025-00732-6,"Mutational profile of pfdhfr, pfdhps, pfmdr1, pfcrt and pfk13 genes of P. falciparum associated with resistance to different antimalarial drugs in Osun state, southwestern Nigeria",2025,2021,2021,children,Osun,Ore,266,"431V, 436A, 437G, 613S","51I, 59R, 108N",0.0113,
Martín Ramírez,10.1186/s41182-025-00732-6,"Mutational profile of pfdhfr, pfdhps, pfmdr1, pfcrt and pfk13 genes of P. falciparum associated with resistance to different antimalarial drugs in Osun state, southwestern Nigeria",2025,2021,2021,children,Osun,Ore,266,"431V, 436A, 437G, 581G, 613S","51I, 108N",0.0038,
Martín Ramírez,10.1186/s41182-025-00732-6,"Mutational profile of pfdhfr, pfdhps, pfmdr1, pfcrt and pfk13 genes of P. falciparum associated with resistance to different antimalarial drugs in Osun state, southwestern Nigeria",2025,2021,2021,children,Osun,Ore,266,"431V, 436A, 437G, 581G, 613S","59R, 108N",0.0038,
Martín Ramírez,10.1186/s41182-025-00732-6,"Mutational profile of pfdhfr, pfdhps, pfmdr1, pfcrt and pfk13 genes of P. falciparum associated with resistance to different antimalarial drugs in Osun state, southwestern Nigeria",2025,2021,2021,children,Osun,Ore,266,"431V, 581G, 613S","51I, 59R, 108N",0.0038,
Zhou,10.1038/s41598-024-75828-w,Prevalence of molecular markers of sulfadoxine-pyrimethamine resistance in Plasmodium falciparum isolates from West Africa during 2012–2022,2024,2012–2022,2017,returning travelers,,,171,437G,108N,0.006,
Zhou,10.1038/s41598-024-75828-w,Prevalence of molecular markers of sulfadoxine-pyrimethamine resistance in Plasmodium falciparum isolates from West Africa during 2012–2022,2024,2012–2022,2017,returning travelers,,,171,437G,"51I, 108N",0.012,
Zhou,10.1038/s41598-024-75828-w,Prevalence of molecular markers of sulfadoxine-pyrimethamine resistance in Plasmodium falciparum isolates from West Africa during 2012–2022,2024,2012–2022,2017,returning travelers,,,171,437G,"59R, 108N",0.012,
Zhou,10.1038/s41598-024-75828-w,Prevalence of molecular markers of sulfadoxine-pyrimethamine resistance in Plasmodium falciparum isolates from West Africa during 2012–2022,2024,2012–2022,2017,returning travelers,,,171,"436A, 437G, 613S",108N,0.006,
Zhou,10.1038/s41598-024-75828-w,Prevalence of molecular markers of sulfadoxine-pyrimethamine resistance in Plasmodium falciparum isolates from West Africa during 2012–2022,2024,2012–2022,2017,returning travelers,,,171,436A,"51I, 59R, 108N",0.064,
Zhou,10.1038/s41598-024-75828-w,Prevalence of molecular markers of sulfadoxine-pyrimethamine resistance in Plasmodium falciparum isolates from West Africa during 2012–2022,2024,2012–2022,2017,returning travelers,,,171,"436A, 437G","59R, 108N",0.0185,
Zhou,10.1038/s41598-024-75828-w,Prevalence of molecular markers of sulfadoxine-pyrimethamine resistance in Plasmodium falciparum isolates from West Africa during 2012–2022,2024,2012–2022,2017,returning travelers,,,171,"437G, 581G","59R, 108N",0.006,
Zhou,10.1038/s41598-024-75828-w,Prevalence of molecular markers of sulfadoxine-pyrimethamine resistance in Plasmodium falciparum isolates from West Africa during 2012–2022,2024,2012–2022,2017,returning travelers,,,171,"431V, 436A, 437G","59R, 108N",0.006,
Zhou,10.1038/s41598-024-75828-w,Prevalence of molecular markers of sulfadoxine-pyrimethamine resistance in Plasmodium falciparum isolates from West Africa during 2012–2022,2024,2012–2022,2017,returning travelers,,,171,"436A, 437G, 613S","59R, 108N",0.006,
Zhou,10.1038/s41598-024-75828-w,Prevalence of molecular markers of sulfadoxine-pyrimethamine resistance in Plasmodium falciparum isolates from West Africa during 2012–2022,2024,2012–2022,2017,returning travelers,,,171,"436F, 613S","51I, 59R, 108N",0.023,
Zhou,10.1038/s41598-024-75828-w,Prevalence of molecular markers of sulfadoxine-pyrimethamine resistance in Plasmodium falciparum isolates from West Africa during 2012–2022,2024,2012–2022,2017,returning travelers,,,171,"431V, 436A","51I, 59R, 108N",0.012,
Zhou,10.1038/s41598-024-75828-w,Prevalence of molecular markers of sulfadoxine-pyrimethamine resistance in Plasmodium falciparum isolates from West Africa during 2012–2022,2024,2012–2022,2017,returning travelers,,,171,437G,"51I, 59R, 108N",0.374,
Zhou,10.1038/s41598-024-75828-w,Prevalence of molecular markers of sulfadoxine-pyrimethamine resistance in Plasmodium falciparum isolates from West Africa during 2012–2022,2024,2012–2022,2017,returning travelers,,,171,"436A, 437G","51I, 59R, 108N",0.064,
Zhou,10.1038/s41598-024-75828-w,Prevalence of molecular markers of sulfadoxine-pyrimethamine resistance in Plasmodium falciparum isolates from West Africa during 2012–2022,2024,2012–2022,2017,returning travelers,,,171,"437G, 581G","51I, 59R, 108N",0.012,
Zhou,10.1038/s41598-024-75828-w,Prevalence of molecular markers of sulfadoxine-pyrimethamine resistance in Plasmodium falciparum isolates from West Africa during 2012–2022,2024,2012–2022,2017,returning travelers,,,171,"437G, 581G","51I, 59R, 108N, 164L",0.006,
Zhou,10.1038/s41598-024-75828-w,Prevalence of molecular markers of sulfadoxine-pyrimethamine resistance in Plasmodium falciparum isolates from West Africa during 2012–2022,2024,2012–2022,2017,returning travelers,,,171,"431V, 437G, 581G","51I, 59R, 108N",0.006,
Zhou,10.1038/s41598-024-75828-w,Prevalence of molecular markers of sulfadoxine-pyrimethamine resistance in Plasmodium falciparum isolates from West Africa during 2012–2022,2024,2012–2022,2017,returning travelers,,,171,"436A, 437G, 613S","51I, 59R, 108N",0.058,
Zhou,10.1038/s41598-024-75828-w,Prevalence of molecular markers of sulfadoxine-pyrimethamine resistance in Plasmodium falciparum isolates from West Africa during 2012–2022,2024,2012–2022,2017,returning travelers,,,171,"431V, 436A, 437G","51I, 59R, 108N",0.035,
Zhou,10.1038/s41598-024-75828-w,Prevalence of molecular markers of sulfadoxine-pyrimethamine resistance in Plasmodium falciparum isolates from West Africa during 2012–2022,2024,2012–2022,2017,returning travelers,,,171,"431V, 436A, 437G, 581G","51I, 59R, 108N",0.018,
Zhou,10.1038/s41598-024-75828-w,Prevalence of molecular markers of sulfadoxine-pyrimethamine resistance in Plasmodium falciparum isolates from West Africa during 2012–2022,2024,2012–2022,2017,returning travelers,,,171,"431V, 436A, 437G, 613S","51I, 59R, 108N",0.012,
Zhou,10.1038/s41598-024-75828-w,Prevalence of molecular markers of sulfadoxine-pyrimethamine resistance in Plasmodium falciparum isolates from West Africa during 2012–2022,2024,2012–2022,2017,returning travelers,,,171,"431V, 437G, 581G, 613S","51I, 59R, 108N",0.006,
Zhou,10.1038/s41598-024-75828-w,Prevalence of molecular markers of sulfadoxine-pyrimethamine resistance in Plasmodium falciparum isolates from West Africa during 2012–2022,2024,2012–2022,2017,returning travelers,,,171,"431V, 436A, 437G, 581G, 613S","51I, 59R, 108N",0.175,
Xu,10.1128/AAC.01927-18,Mutation Profile of pfdhfr and pfdhps in Plasmodium falciparum among Returned Chinese Migrant Workers from Africa,2019,2013-2016,2015,returning traveler,Shandong,,36,"437G, 540E, 581G or 613S","51I, 59R, 108N",0.056,
Iwalokun,10.1159/000430987,"Carriage of Mutant Dihydrofolate Reductase and Dihydropteroate Synthase Genes among Plasmodium falciparum Isolates Recovered from Pregnant Women with Asymptomatic Infection in Lagos, Nigeria",2015,2011-2011,2011,pregnant women,Lagos,Victoria Island,107,"437G, 540E","51I, 59R, 108N",0.05,
Xu,10.1128/AAC.01927-18,Mutation Profile of pfdhfr and pfdhps in Plasmodium falciparum among Returned Chinese Migrant Workers from Africa,2019,2013-2016,2015,returning traveler,Shandong,,36,"437G, 540E","51I, 59R, 108N",0.028,
Figueroa-Romero,10.1016/S2214-109X(23)00414-X,Prevalence of molecular markers of resistance to sulfadoxine pyrimethamine before and after community delivery of intermittent preventive treatment of malaria in pregnancy in sub-Saharan Africa: a multi-country evaluation,2023,2021-2021,2021,children < 5 years,Ebonyi,"Ohaukwu, Ezza-South",600,"431V, 436A, 437G, 540E","51I, 59R, 108N",0.0016,