marker,type,prevalence,c424,c431,c436,c437,c540,c581,c613
dhps,double,0.1100,.,.,V,G,.,.,.
dhps,double,0.1300,.,.,A,.,.,.,S
dhps,double,0.0000,.,.,A,.,.,G,.
dhps,double,0.0100,.,.,F,.,.,.,S
dhps,double,0.0800,.,.,.,G,.,.,S
dhps,triple,0.0100,.,V,A,G,.,.,.
dhps,triple,0.0200,.,V,A,.,.,G,.
dhps,triple,0.0100,.,V,.,G,.,.,S
dhps,triple,0.0000,.,.,A,G,.,G,.
dhps,triple,0.0600,.,.,A,G,.,.,S
dhps,triple,0.0000,.,.,.,G,.,G,S
dhps,triple,0.0000,G,.,.,G,.,G,.
dhps,quadruple,0.0000,.,V,A,G,.,.,S
dhps,quadruple,0.0500,.,V,A,G,E,.,.
dhps,quadruple,0.0500,.,V,A,G,.,G,.
dhps,quadruple,0.0000,.,V,A,.,.,G,S
dhps,quintuple,0.0000,.,V,A,G,.,G,S
