marker,type,prevalence,c51,c59,c108,c164,c431,c436,c437,c540,c581,c613
dhfr/dhps,triple/single,0.1767,I,R,N,I,S,A,G,K,A,A
dhfr/dhps,triple/double,0.1128,I,R,N,I,S,A,G,K,A,A
dhfr/dhps,triple/double,0.1203,I,R,N,I,S,F,G,K,A,A
dhfr/dhps,triple/quadruple,0.0038,I,R,N,I,V,A,G,E,A,A
dhfr/dhps,triple/double,0.0075,I,R,N,I,S,A,G,K,A,S
dhfr/dhps,triple/triple,0.0263,I,R,N,I,S,A,G,K,G,S
dhfr/dhps,triple/double,0.0789,I,R,N,I,S,A,G,K,G,A
dhfr/dhps,triple/triple,0.0226,I,R,N,I,V,A,G,K,A,A
dhfr/dhps,triple/quintuple,0.0977,I,R,N,I,V,A,G,K,G,S
dhfr/dhps,triple/quadruple,0.0451,I,R,N,I,V,A,G,K,G,A
dhfr/dhps,triple/triple,0.0038,I,R,N,I,V,A,G,K,A,S
dhfr/dhps,triple/quadruple,0.0038,I,R,N,I,V,A,G,K,G,S
dhfr/dhps,triple/triple,0.0113,I,R,N,I,V,A,G,K,G,A
dhfr/dhps,triple/triple,0.0113,I,R,N,I,S,A,A,K,G,S
dhfr/dhps,triple/triple,0.0038,I,R,N,I,S,A,A,K,G,S
dhfr/dhps,triple/single,0.0113,I,R,N,I,S,A,A,K,A,A
dhfr/dhps,triple/single,0.0038,I,R,N,I,S,F,A,K,A,A
dhfr/dhps,single/double,0.0038,N,C,N,I,S,F,G,K,A,A
dhfr/dhps,double/double,0.0038,R,C,N,I,S,F,G,K,A,A
dhfr/dhps,triple/double,0.0038,I,R,N,I,S,A,A,K,A,S
dhfr/dhps,triple/triple,0.0602,I,R,N,I,S,A,G,K,A,S
dhfr/dhps,triple/triple,0.0564,I,R,N,I,S,A,G,K,G,A
dhfr/dhps,triple/triple,0.0414,I,R,N,I,S,F,G,K,G,A
dhfr/dhps,triple/quadruple,0.0414,I,R,N,I,S,A,G,K,G,S
dhfr/dhps,double/quadruple,0.0038,N,R,N,I,S,A,G,K,G,S
dhfr/dhps,double/single,0.0075,I,C,N,I,S,A,G,K,A,A
dhfr/dhps,triple/quadruple,0.0038,I,R,N,I,V,F,A,K,G,S
dhfr/dhps,triple/triple,0.0038,I,R,N,I,S,F,G,K,A,S
dhfr/dhps,triple/quadruple,0.0038,I,R,N,I,S,F,G,K,G,S
dhfr/dhps,triple/quadruple,0.0113,I,R,N,I,V,A,G,K,A,S
dhfr/dhps,double/quintuple,0.0038,I,C,N,I,V,A,G,K,G,S
dhfr/dhps,double/quintuple,0.0038,N,R,N,I,V,A,G,K,G,S
dhfr/dhps,triple/triple,0.0038,I,R,N,I,V,A,A,K,G,S
