category,antimalarial,Marker,haplotype,min,max,classification,resistance level,bullet points,message,comment
diagnostic resistance,NA,hrp2,deletion,0,0.03,low,,No false-negative RDT results expected.,Deletions of hrp2 can lead to false-negative results of HRP2-based RDTs. The prevalence of these deletions in this geographical area is low.,"WHO guideline: if gene deletions have prevalence > 5% in a country, steps like switching to different RDT need to be taken (Response plan to pfhrp2 gene deletions, WHO, 2024)"
diagnostic resistance,NA,hrp2,deletion,0.031,0.049,intermediate,,False-negative RDT results are likely.,Deletions of hrp2 can lead to false-negative results of HRP2-based RDTs. The prevalence of these deletions in this geographical area is increased and thereby false-negative results are likely.,"WHO guideline: if gene deletions have prevalence > 5% in a country, steps like switching to different RDT need to be taken (Response plan to pfhrp2 gene deletions, WHO, 2024)"
diagnostic resistance,NA,hrp2,deletion,0.05,1,high,,High probability for false-negative RDT results.,Deletions of hrp2 can lead to false-negative results of HRP2-based RDTs. The prevalence of these deletions in this geographical area is very high and actions according to https://www.who.int/publications/i/item/9789240101838 should be taken by the Malaria Elimination Program.,"WHO guideline: if gene deletions have prevalence > 5% in a country, steps like switching to different RDT need to be taken (Response plan to pfhrp2 gene deletions, WHO, 2024)"
diagnostic resistance,NA,hrp3,deletion,0,0.03,low,,No false-negative RDT results expected.,Deletions of hrp3 can lead to false-negative results of HRP2-based RDTs. The prevalence of these deletions in this geographical area is low.,"WHO guideline: if gene deletions have prevalence > 5% in a country, steps like switching to different RDT need to be taken (Response plan to pfhrp2 gene deletions, WHO, 2024)"
diagnostic resistance,NA,hrp3,deletion,0.031,0.049,intermediate,,False-negative RDT results are likely.,Deletions of hrp3 can lead to false-negative results of HRP2-based RDTs. The prevalence of these deletions in this geographical area is increased and thereby false-negative results are likely.,"WHO guideline: if gene deletions have prevalence > 5% in a country, steps like switching to different RDT need to be taken (Response plan to pfhrp2 gene deletions, WHO, 2024)"
diagnostic resistance,NA,hrp3,deletion,0.05,1,high,,High probability for false-negative RDT results.,Deletions of hrp3 can lead to false-negative results of HRP2-based RDTs. The prevalence of these deletions in this geographical area is very high and actions according to https://www.who.int/publications/i/item/9789240101838 should be taken by the Malaria Elimination Program.,"WHO guideline: if gene deletions have prevalence > 5% in a country, steps like switching to different RDT need to be taken (Response plan to pfhrp2 gene deletions, WHO, 2024)"
drug resistance,chloroquine,crt,K76T,0,1,high,,Chloroquine sensitivity is reduced.,"This mutation is sufficent to confer full resistance to chloroquine, therefore the drug should no longer be used in this region.","threshold based on own judgement, no WHO guideline is available"
drug resistance,chloroquine,crt,any additional mutation,0,0.3,low,,Chloroquine sensitivity is possibly reduced.,This mutation is present in a gene conferring resistance to chloroquine. The observed mutation is not a validated mutation for chloroquine resistance and present at low prevalence.,"threshold based on own judgement, no WHO guideline is available"
drug resistance,chloroquine,crt,any additional mutation,0.31,0.6,intermediate,,Chloroquine sensitivity is possibly reduced.,This mutation is present in a gene conferring resistance to chloroquine. The observed mutation is not a validated mutation for chloroquine resistance but present at increased prevalence.,"threshold based on own judgement, no WHO guideline is available"
drug resistance,chloroquine,crt,any additional mutation,0.61,1,intermediate,,Chloroquine sensitivity is possibly reduced.,This mutation is present in a gene conferring resistance to chloroquine. The observed mutation is not a validated mutation for chloroquine resistance but present atvery high prevalence.,"threshold based on own judgement, no WHO guideline is available"
drug resistance,sulfadoxine/pyrimethamine,dhps/dhfr,"A437G/N51I, C59R, S108N",0,0.3,low,partial,Sulfdaxine/pyrimethamine resistance is low.,Parasites with this haplotype combination are considered partial resistant to sulfadoxine-pyrimethamine. The prevalence of this haplotype is low in this geographical area.,"threshold based on own judgement, WHO states SP can still be effective in SMC and IPTp even if high prevalence of mutations"
drug resistance,sulfadoxine/pyrimethamine,dhps/dhfr,"A437G/N51I, C59R, S108N",0.31,0.6,intermediate,partial,Sulfdaxine/pyrimethamine resistance expected.,Parasites with this haplotype combination are considered partial resistant to sulfadoxine-pyrimethamine. The prevalence of this haplotype is increased in this geographical area. SP used for seasonal malaria chemoprevention (SMC) and IPTp in pregnancy could be ineffective.,"threshold based on own judgement, WHO states SP can still be effective in SMC and IPTp even if high prevalence of mutations"
drug resistance,sulfadoxine/pyrimethamine,dhps/dhfr,"A437G/N51I, C59R, S108N",0.61,1,intermediate,partial,High probability for partial resistance to sulfadoxine/pyrimethamine.,Parasites with this haplotype combination are considered partial resistant to sulfadoxine-pyrimethamine. The prevalence of this haplotype is increased in this geographical area. SP used for seasonal malaria chemoprevention (SMC) and IPTp in pregnancy could be ineffective.,"threshold based on own judgement, WHO states SP can still be effective in SMC and IPTp even if high prevalence of mutations"
drug resistance,sulfadoxine/pyrimethamine,dhps/dhfr,"A437G, K540E/N51I, C59R, S108N",0,0.3,high,full,Full resistance to sulfadoxine/pyrimethamine.,"Parasites with this haplotype combination are considered resistant to sulfadoxine-pyrimethamine. The prevalence of this haplotype is low in this geographical area, still the spread of these parasites can strongly influence the efficacy of sulfadoxine/pyrimethamine in this geographical area.","threshold based on own judgement, WHO states SP can still be effective in SMC and IPTp even if high prevalence of mutations"
drug resistance,sulfadoxine/pyrimethamine,dhps/dhfr,"A437G, K540E/N51I, C59R, S108N",0.31,0.6,high,full,Full resistance to sulfadoxine/pyrimethamine.,"Parasites with this haplotype combination are considered resistant to sulfadoxine-pyrimethamine. The prevalence of this haplotype is increased in this geographical area, therefore the efficacy of sulfadoxine/pyrimethamine is considered low in this geographical area.","threshold based on own judgement, WHO states SP can still be effective in SMC and IPTp even if high prevalence of mutations"
drug resistance,sulfadoxine/pyrimethamine,dhps/dhfr,"A437G, K540E/N51I, C59R, S108N",0.61,1,high,full,Full resistance to sulfadoxine/pyrimethamine.,"Parasites with this haplotype combination are considered resistant to sulfadoxine-pyrimethamine. The prevalence of this haplotype is very high in this geographical area, therefore the efficacy of sulfadoxine/pyrimethamine is considered very low in this geographical area.","threshold based on own judgement, WHO states SP can still be effective in SMC and IPTp even if high prevalence of mutations"
drug resistance,sulfadoxine/pyrimethamine,dhps/dhfr,"A437G, K540E, A581G/N51I, C59R, S108N",0,0.3,high,super,Full resistance to sulfadoxine/pyrimethamine.,"Parasites with this haplotype combination are considered ""super resistant"" to sulfadoxine-pyrimethamine. The prevalence of this haplotype is low in this geographical area, still the spread of these parasites can strongly influence the efficacy of sulfadoxine/pyrimethamine in this geographical area.","threshold based on own judgement, WHO states SP can still be effective in SMC and IPTp even if high prevalence of mutations"
drug resistance,sulfadoxine/pyrimethamine,dhps/dhfr,"A437G, K540E, A581G/N51I, C59R, S108N",0.31,0.6,high,super,Full resistance to sulfadoxine/pyrimethamine.,"Parasites with this haplotype combination are considered ""super resistant"" to sulfadoxine-pyrimethamine. The prevalence of this haplotype is increased in this geographical area, therefore the efficacy of sulfadoxine/pyrimethamine is considered low in this geographical area.","threshold based on own judgement, WHO states SP can still be effective in SMC and IPTp even if high prevalence of mutations"
drug resistance,sulfadoxine/pyrimethamine,dhps/dhfr,"A437G, K540E, A581G/N51I, C59R, S108N",0.61,1,high,super,Full resistance to sulfadoxine/pyrimethamine.,"Parasites with this haplotype combination are considered ""super resistant"" to sulfadoxine-pyrimethamine. The prevalence of this haplotype is very high in this geographical area, therefore the efficacy of sulfadoxine/pyrimethamine is considered low in this geographical area.","threshold based on own judgement, WHO states SP can still be effective in SMC and IPTp even if high prevalence of mutations"
drug resistance,sulfadoxine/pyrimethamine,dhps/dhfr,"A437G, K540E/N51I, C59R, S108N, I164L",0,0.3,high,super,Full resistance to sulfadoxine/pyrimethamine.,"Parasites with this haplotype combination are considered ""super resistant"" to sulfadoxine-pyrimethamine. The prevalence of this haplotype is low in this geographical area, still the spread of these parasites can strongly influence the efficacy of sulfadoxine/pyrimethamine in this geographical area.","threshold based on own judgement, WHO states SP can still be effective in SMC and IPTp even if high prevalence of mutations"
drug resistance,sulfadoxine/pyrimethamine,dhps/dhfr,"A437G, K540E/N51I, C59R, S108N, I164L",0.31,0.6,high,super,Full resistance to sulfadoxine/pyrimethamine.,"Parasites with this haplotype combination are considered ""super resistant"" to sulfadoxine-pyrimethamine. The prevalence of this haplotype is increased in this geographical area, therefore the efficacy of sulfadoxine/pyrimethamine is considered low in this geographical area.","threshold based on own judgement, WHO states SP can still be effective in SMC and IPTp even if high prevalence of mutations"
drug resistance,sulfadoxine/pyrimethamine,dhps/dhfr,"A437G, K540E/N51I, C59R, S108N, I164L",0.61,1,high,super,Full resistance to sulfadoxine/pyrimethamine.,"Parasites with this haplotype combination are considered ""super resistant"" to sulfadoxine-pyrimethamine. The prevalence of this haplotype is very high in this geographical area, therefore the efficacy of sulfadoxine/pyrimethamine is considered low in this geographical area.","threshold based on own judgement, WHO states SP can still be effective in SMC and IPTp even if high prevalence of mutations"
drug resistance,piperaquine,exonuclease,E415G,0,0.3,low,,Piperaquine is still expected to work.,There is low resistance level in this region. So drug is still expected to active.,"threshold based on own judgement, no WHO guideline is available"
drug resistance,piperaquine,exonuclease,E415G,0.31,0.6,intermediate,,Reduced sensitivity to piperaquine is expected.,"Resistance to piperaquine is increasing in this region, drug sensitivity is expected to be reduced. The use of other artemisinin partner drugs are therefore recommended.","threshold based on own judgement, no WHO guideline is available"
drug resistance,piperaquine,exonuclease,E415G,0.61,1,high,,Reduced sensitivity to piperaquine is expected.,"Due to high level of resistance in this region, piperaquine is no longer suitable and its use (especially as artemisinin partner drug) should be stopped.","threshold based on own judgement, no WHO guideline is available"
drug resistance,artemisinin,kelch13,F446I,0,1,high,,Reduced sensitivity to artemisinin is expected.,"This molecular marker is a validated mutation leading to artemsisin partial resistance (WHO, 2025).",https://www.who.int/news-room/questions-and-answers/item/artemisinin-resistance
drug resistance,artemisinin,kelch13,N458Y,0,1,high,,Reduced sensitivity to artemisinin is expected.,"This molecular marker is a validated mutation leading to artemsisin partial resistance (WHO, 2025).",https://www.who.int/news-room/questions-and-answers/item/artemisinin-resistance
drug resistance,artemisinin,kelch13,C469Y,0,1,high,,Reduced sensitivity to artemisinin is expected.,"This molecular marker is a validated mutation leading to artemsisin partial resistance (WHO, 2025).",https://www.who.int/news-room/questions-and-answers/item/artemisinin-resistance
drug resistance,artemisinin,kelch13,M476I,0,1,high,,Reduced sensitivity to artemisinin is expected.,"This molecular marker is a validated mutation leading to artemsisin partial resistance (WHO, 2025).",https://www.who.int/news-room/questions-and-answers/item/artemisinin-resistance
drug resistance,artemisinin,kelch13,Y493H,0,1,high,,Reduced sensitivity to artemisinin is expected.,"This molecular marker is a validated mutation leading to artemsisin partial resistance (WHO, 2025).",https://www.who.int/news-room/questions-and-answers/item/artemisinin-resistance
drug resistance,artemisinin,kelch13,R539T,0,1,high,,Reduced sensitivity to artemisinin is expected.,"This molecular marker is a validated mutation leading to artemsisin partial resistance (WHO, 2025).",https://www.who.int/news-room/questions-and-answers/item/artemisinin-resistance
drug resistance,artemisinin,kelch13,I543T,0,1,high,,Reduced sensitivity to artemisinin is expected.,"This molecular marker is a validated mutation leading to artemsisin partial resistance (WHO, 2025).",https://www.who.int/news-room/questions-and-answers/item/artemisinin-resistance
drug resistance,artemisinin,kelch13,P553L,0,1,high,,Reduced sensitivity to artemisinin is expected.,"This molecular marker is a validated mutation leading to artemsisin partial resistance (WHO, 2025).",https://www.who.int/news-room/questions-and-answers/item/artemisinin-resistance
drug resistance,artemisinin,kelch13,R561H,0,1,high,,Reduced sensitivity to artemisinin is expected.,"This molecular marker is a validated mutation leading to artemsisin partial resistance (WHO, 2025).",https://www.who.int/news-room/questions-and-answers/item/artemisinin-resistance
drug resistance,artemisinin,kelch13,P574L,0,1,high,,Reduced sensitivity to artemisinin is expected.,"This molecular marker is a validated mutation leading to artemsisin partial resistance (WHO, 2025).",https://www.who.int/news-room/questions-and-answers/item/artemisinin-resistance
drug resistance,artemisinin,kelch13,C580Y,0,1,high,,Reduced sensitivity to artemisinin is expected.,"This molecular marker is a validated mutation leading to artemsisin partial resistance (WHO, 2025).",https://www.who.int/news-room/questions-and-answers/item/artemisinin-resistance
drug resistance,artemisinin,kelch13,R622I,0,1,high,,Reduced sensitivity to artemisinin is expected.,"This molecular marker is a validated mutation leading to artemsisin partial resistance (WHO, 2025).",https://www.who.int/news-room/questions-and-answers/item/artemisinin-resistance
drug resistance,artemisinin,kelch13,A675V,0,1,high,,Reduced sensitivity to artemisinin is expected.,"This molecular marker is a validated mutation leading to artemsisin partial resistance (WHO, 2025).",https://www.who.int/news-room/questions-and-answers/item/artemisinin-resistance
drug resistance,artemisinin,kelch13,P441L,0,0.3,low,,Reduced sensitivity to artemisinin is likely.,"This molecular marker is a validated mutation leading to artemsisin partial resistance (WHO, 2025).",https://www.who.int/news-room/questions-and-answers/item/artemisinin-resistance
drug resistance,artemisinin,kelch13,P441L,0.31,0.6,intermediate,,Reduced sensitivity to artemisinin is likely.,This molecular marker is a candidate mutation for artemsisin partial resistance as classified by WHO. It is present at increased prevalence in this region. Artemisinin might no longer be active.,"threshold based on own judgement, no WHO guideline is available, https://www.who.int/news-room/questions-and-answers/item/artemisinin-resistance"
drug resistance,artemisinin,kelch13,P441L,0.61,1,high,,Reduced sensitivity to artemisinin is likely.,This molecular marker is a candidate mutation for artemsisin partial resistance as classified by WHO. It is present at very high prevalence in this region. There is a high chance that artemisinin is not active any more in this geographical region.,"threshold based on own judgement, no WHO guideline is available, https://www.who.int/news-room/questions-and-answers/item/artemisinin-resistance"
drug resistance,artemisinin,kelch13,G449A,0,0.3,low,,Reduced sensitivity to artemisinin is likely.,This molecular marker is a candidate mutation for artemsisin partial resistance as classified by WHO. It is present at low prevalence in this region. Artemisinin might no longer be active.,"threshold based on own judgement, no WHO guideline is available, https://www.who.int/news-room/questions-and-answers/item/artemisinin-resistance"
drug resistance,artemisinin,kelch13,G449A,0.31,0.6,intermediate,,Reduced sensitivity to artemisinin is likely.,This molecular marker is a candidate mutation for artemsisin partial resistance as classified by WHO. It is present at increased prevalence in this region. Artemisinin might no longer be active.,"threshold based on own judgement, no WHO guideline is available, https://www.who.int/news-room/questions-and-answers/item/artemisinin-resistance"
drug resistance,artemisinin,kelch13,G449A,0.61,1,high,,Reduced sensitivity to artemisinin is likely.,This molecular marker is a candidate mutation for artemsisin partial resistance as classified by WHO. It is present at very high prevalence in this region. There is a high chance that artemisinin is not active any more in this geographical region.,"threshold based on own judgement, no WHO guideline is available, https://www.who.int/news-room/questions-and-answers/item/artemisinin-resistance"
drug resistance,artemisinin,kelch13,C469F,0,0.3,low,,Reduced sensitivity to artemisinin is likely.,This molecular marker is a candidate mutation for artemsisin partial resistance as classified by WHO. It is present at low prevalence in this region. Artemisinin might no longer be active.,"threshold based on own judgement, no WHO guideline is available, https://www.who.int/news-room/questions-and-answers/item/artemisinin-resistance"
drug resistance,artemisinin,kelch13,C469F,0.31,0.6,intermediate,,Reduced sensitivity to artemisinin is likely.,This molecular marker is a candidate mutation for artemsisin partial resistance as classified by WHO. It is present at increased prevalence in this region. Artemisinin might no longer be active.,"threshold based on own judgement, no WHO guideline is available, https://www.who.int/news-room/questions-and-answers/item/artemisinin-resistance"
drug resistance,artemisinin,kelch13,C469F,0.61,1,high,,Reduced sensitivity to artemisinin is likely.,This molecular marker is a candidate mutation for artemsisin partial resistance as classified by WHO. It is present at very high prevalence in this region. There is a high chance that artemisinin is not active any more in this geographical region.,"threshold based on own judgement, no WHO guideline is available, https://www.who.int/news-room/questions-and-answers/item/artemisinin-resistance"
drug resistance,artemisinin,kelch13,A481V,0,0.3,low,,Reduced sensitivity to artemisinin is likely.,This molecular marker is a candidate mutation for artemsisin partial resistance as classified by WHO. It is present at low prevalence in this region. Artemisinin might no longer be active.,"threshold based on own judgement, no WHO guideline is available, https://www.who.int/news-room/questions-and-answers/item/artemisinin-resistance"
drug resistance,artemisinin,kelch13,A481V,0.31,0.6,intermediate,,Reduced sensitivity to artemisinin is likely.,This molecular marker is a candidate mutation for artemsisin partial resistance as classified by WHO. It is present at increased prevalence in this region. Artemisinin might no longer be active.,"threshold based on own judgement, no WHO guideline is available, https://www.who.int/news-room/questions-and-answers/item/artemisinin-resistance"
drug resistance,artemisinin,kelch13,A481V,0.61,1,high,,Reduced sensitivity to artemisinin is likely.,This molecular marker is a candidate mutation for artemsisin partial resistance as classified by WHO. It is present at very high prevalence in this region. There is a high chance that artemisinin is not active any more in this geographical region.,"threshold based on own judgement, no WHO guideline is available, https://www.who.int/news-room/questions-and-answers/item/artemisinin-resistance"
drug resistance,artemisinin,kelch13,R515K,0,0.3,low,,Reduced sensitivity to artemisinin is likely.,This molecular marker is a candidate mutation for artemsisin partial resistance as classified by WHO. It is present at low prevalence in this region. Artemisinin might no longer be active.,"threshold based on own judgement, no WHO guideline is available, https://www.who.int/news-room/questions-and-answers/item/artemisinin-resistance"
drug resistance,artemisinin,kelch13,R515K,0.31,0.6,intermediate,,Reduced sensitivity to artemisinin is likely.,This molecular marker is a candidate mutation for artemsisin partial resistance as classified by WHO. It is present at increased prevalence in this region. Artemisinin might no longer be active.,"threshold based on own judgement, no WHO guideline is available, https://www.who.int/news-room/questions-and-answers/item/artemisinin-resistance"
drug resistance,artemisinin,kelch13,R515K,0.61,1,high,,Reduced sensitivity to artemisinin is likely.,This molecular marker is a candidate mutation for artemsisin partial resistance as classified by WHO. It is present at very high prevalence in this region. There is a high chance that artemisinin is not active any more in this geographical region.,"threshold based on own judgement, no WHO guideline is available, https://www.who.int/news-room/questions-and-answers/item/artemisinin-resistance"
drug resistance,artemisinin,kelch13,P527H,0,0.3,low,,Reduced sensitivity to artemisinin is likely.,This molecular marker is a candidate mutation for artemsisin partial resistance as classified by WHO. It is present at low prevalence in this region. Artemisinin might no longer be active.,"threshold based on own judgement, no WHO guideline is available, https://www.who.int/news-room/questions-and-answers/item/artemisinin-resistance"
drug resistance,artemisinin,kelch13,P527H,0.31,0.6,intermediate,,Reduced sensitivity to artemisinin is likely.,This molecular marker is a candidate mutation for artemsisin partial resistance as classified by WHO. It is present at increased prevalence in this region. Artemisinin might no longer be active.,"threshold based on own judgement, no WHO guideline is available, https://www.who.int/news-room/questions-and-answers/item/artemisinin-resistance"
drug resistance,artemisinin,kelch13,P527H,0.61,1,high,,Reduced sensitivity to artemisinin is likely.,This molecular marker is a candidate mutation for artemsisin partial resistance as classified by WHO. It is present at very high prevalence in this region. There is a high chance that artemisinin is not active any more in this geographical region.,"threshold based on own judgement, no WHO guideline is available, https://www.who.int/news-room/questions-and-answers/item/artemisinin-resistance"
drug resistance,artemisinin,kelch13,N537I,0,0.3,low,,Reduced sensitivity to artemisinin is likely.,This molecular marker is a candidate mutation for artemsisin partial resistance as classified by WHO. It is present at low prevalence in this region. Artemisinin might no longer be active.,"threshold based on own judgement, no WHO guideline is available, https://www.who.int/news-room/questions-and-answers/item/artemisinin-resistance"
drug resistance,artemisinin,kelch13,N537I,0.31,0.6,intermediate,,Reduced sensitivity to artemisinin is likely.,This molecular marker is a candidate mutation for artemsisin partial resistance as classified by WHO. It is present at increased prevalence in this region. Artemisinin might no longer be active.,"threshold based on own judgement, no WHO guideline is available, https://www.who.int/news-room/questions-and-answers/item/artemisinin-resistance"
drug resistance,artemisinin,kelch13,N537I,0.61,1,high,,Reduced sensitivity to artemisinin is likely.,This molecular marker is a candidate mutation for artemsisin partial resistance as classified by WHO. It is present at very high prevalence in this region. There is a high chance that artemisinin is not active any more in this geographical region.,"threshold based on own judgement, no WHO guideline is available, https://www.who.int/news-room/questions-and-answers/item/artemisinin-resistance"
drug resistance,artemisinin,kelch13,N537D,0,0.3,low,,Reduced sensitivity to artemisinin is likely.,This molecular marker is a candidate mutation for artemsisin partial resistance as classified by WHO. It is present at low prevalence in this region. Artemisinin might no longer be active.,"threshold based on own judgement, no WHO guideline is available, https://www.who.int/news-room/questions-and-answers/item/artemisinin-resistance"
drug resistance,artemisinin,kelch13,N537D,0.31,0.6,intermediate,,Reduced sensitivity to artemisinin is likely.,This molecular marker is a candidate mutation for artemsisin partial resistance as classified by WHO. It is present at increased prevalence in this region. Artemisinin might no longer be active.,"threshold based on own judgement, no WHO guideline is available, https://www.who.int/news-room/questions-and-answers/item/artemisinin-resistance"
drug resistance,artemisinin,kelch13,N537D,0.61,1,high,,Reduced sensitivity to artemisinin is likely.,This molecular marker is a candidate mutation for artemsisin partial resistance as classified by WHO. It is present at very high prevalence in this region. There is a high chance that artemisinin is not active any more in this geographical region.,"threshold based on own judgement, no WHO guideline is available, https://www.who.int/news-room/questions-and-answers/item/artemisinin-resistance"
drug resistance,artemisinin,kelch13,G538V,0,0.3,low,,Reduced sensitivity to artemisinin is likely.,This molecular marker is a candidate mutation for artemsisin partial resistance as classified by WHO. It is present at low prevalence in this region. Artemisinin might no longer be active.,"threshold based on own judgement, no WHO guideline is available, https://www.who.int/news-room/questions-and-answers/item/artemisinin-resistance"
drug resistance,artemisinin,kelch13,G538V,0.31,0.6,intermediate,,Reduced sensitivity to artemisinin is likely.,This molecular marker is a candidate mutation for artemsisin partial resistance as classified by WHO. It is present at increased prevalence in this region. Artemisinin might no longer be active.,"threshold based on own judgement, no WHO guideline is available, https://www.who.int/news-room/questions-and-answers/item/artemisinin-resistance"
drug resistance,artemisinin,kelch13,G538V,0.61,1,high,,Reduced sensitivity to artemisinin is likely.,This molecular marker is a candidate mutation for artemsisin partial resistance as classified by WHO. It is present at very high prevalence in this region. There is a high chance that artemisinin is not active any more in this geographical region.,"threshold based on own judgement, no WHO guideline is available, https://www.who.int/news-room/questions-and-answers/item/artemisinin-resistance"
drug resistance,artemisinin,kelch13,V568G,0,0.3,low,,Reduced sensitivity to artemisinin is likely.,This molecular marker is a candidate mutation for artemsisin partial resistance as classified by WHO. It is present at low prevalence in this region. Artemisinin might no longer be active.,"threshold based on own judgement, no WHO guideline is available, https://www.who.int/news-room/questions-and-answers/item/artemisinin-resistance"
drug resistance,artemisinin,kelch13,V568G,0.31,0.6,intermediate,,Reduced sensitivity to artemisinin is likely.,This molecular marker is a candidate mutation for artemsisin partial resistance as classified by WHO. It is present at increased prevalence in this region. Artemisinin might no longer be active.,"threshold based on own judgement, no WHO guideline is available, https://www.who.int/news-room/questions-and-answers/item/artemisinin-resistance"
drug resistance,artemisinin,kelch13,V568G,0.61,1,high,,Reduced sensitivity to artemisinin is likely.,This molecular marker is a candidate mutation for artemsisin partial resistance as classified by WHO. It is present at very high prevalence in this region. There is a high chance that artemisinin is not active any more in this geographical region.,"threshold based on own judgement, no WHO guideline is available, https://www.who.int/news-room/questions-and-answers/item/artemisinin-resistance"
drug resistance,artemisinin,kelch13,any additional mutation,0,0.3,intermediate,,Reduced sensitivity to artemisinin is possible.,The reported mutation is not a confirmed marker to lead to artemisin resistance as per WHO guidelines and is present at low prevalence.,"threshold based on own judgement, no WHO guideline is available, https://www.who.int/news-room/questions-and-answers/item/artemisinin-resistance"
drug resistance,artemisinin,kelch13,any additional mutation,0.31,0.6,intermediate,,Reduced sensitivity to artemisinin is possible.,The reported mutation is not a confirmed marker to lead to artemisin resistance as per WHO guidelines and is present at low prevalence.,"threshold based on own judgement, no WHO guideline is available, https://www.who.int/news-room/questions-and-answers/item/artemisinin-resistance"
drug resistance,artemisinin,kelch13,any additional mutation,0.61,1,intermediate,,Reduced sensitivity to artemisinin is possible.,The reported mutation is not a confirmed marker to lead to artemisin resistance as per WHO guidelines but is present at increasing prevalence.,"threshold based on own judgement, no WHO guideline is available, https://www.who.int/news-room/questions-and-answers/item/artemisinin-resistance"
drug resistance,artemether-lumefantrine,mdr1,"N86, Y184F, D1246",0,0.3,low,,Reduced sensitivity to artemether-lumefantrine likely.,This haplotype has been associated with reduced artemether-lumefantrine efficacy but is present at very low prevalence in this geographical area.,"threshold based on own judgement, no WHO guideline is available"
drug resistance,artemether-lumefantrine,mdr1,"N86, Y184F, D1246",0.31,0.6,intermediate,,Reduced sensitivity to artemether-lumefantrine likely.,This haplotype has been associated with reduced artemether-lumefantrine efficacy but is present at increased prevalence in this geographical area.,"threshold based on own judgement, no WHO guideline is available"
drug resistance,artemether-lumefantrine,mdr1,"N86, Y184F, D1246",0.61,1,high,,High risk for reduced sensitivity to artemether-lumefantrine.,This haplotype has been associated with reduced artemether-lumefantrine efficacy but is present at very high prevalence in this geographical area.,"threshold based on own judgement, no WHO guideline is available"
drug resistance,artesunate-amodiaquine,mdr1,"N86Y, Y184F, D1246N",0,0.3,low,,Reduced artesunate-amodiaquine sensitivity possible. ,This haplotype has been associated with reduced artesunate-amodiaquine efficacy but is present at very low prevalence in this geographical area.,"threshold based on own judgement, no WHO guideline is available"
drug resistance,artesunate-amodiaquine,mdr1,"N86Y, Y184F, D1246N",0.31,0.6,intermediate,,Reduced artesunate-amodiaquine sensitivity expected.,This haplotype has been associated with reduced artesunate-amodiaquine efficacy but is present at increased prevalence in this geographical area.,"threshold based on own judgement, no WHO guideline is available"
drug resistance,artesunate-amodiaquine,mdr1,"N86Y, Y184F, D1246N",0.61,1,high,,High risk for reduced artesunate-amodiaquine sensitivity.,This haplotype has been associated with reduced artesunate-amodiaquine efficacy but is present at very high prevalence in this geographical area.,"threshold based on own judgement, no WHO guideline is available"
drug resistance,chloroquine,mdr1,N86Y,0,0.3,low,,Reduced chloroquine sensitivity is possible.,This haplotype has been associated with reduced chloroquine efficacy but is present at very low prevalence in this geographical area.,"threshold based on own judgement, no WHO guideline is available"
drug resistance,chloroquine,mdr1,N86Y,0.31,0.6,intermediate,,Reduced chloroquine sensitivity is expected.,This haplotype has been associated with reduced chloroquine efficacy but is present at increased prevalence in this geographical area.,"threshold based on own judgement, no WHO guideline is available"
drug resistance,chloroquine,mdr1,N86Y,0.61,1,high,,High risk for reduced chloroquine sensitivity.,This haplotype has been associated with reduced chloroquine efficacy but is present at very high prevalence in this geographical area.,"threshold based on own judgement, no WHO guideline is available"
drug resistance,artemisinin,coronin,G50E,0,0.3,low,,Reduced artemisinin sensitivity is possible.,This mutation has been associated with reduced artemisinin resistance in-vitro. The mutation is present at low prevalence in this geographical area.,"threshold based on own judgement, no WHO guideline is available"
drug resistance,artemisinin,coronin,G50E,0.31,0.6,intermediate,,Reduced artemisinin sensitivity is expected.,"This mutation has been associated with reduced artemisinin resistance in-vitro. The mutation is present at increased prevalence in this geographical area. Therefore, artemisinin might no longer be working.","threshold based on own judgement, no WHO guideline is available"
drug resistance,artemisinin,coronin,G50E,0.61,1,high,,High risk for reduced artemisinin sensitivity.,"This mutation has been associated with reduced artemisinin resistance in-vitro. The mutation is present at high prevalence in this geographical area. Therefore, there is a high chance that artemisinin will no longer be active in this geographical area.","threshold based on own judgement, no WHO guideline is available"
drug resistance,artemisinin,coronin,R100K,0,0.3,low,,Reduced artemisinin sensitivity is possible.,This mutation has been associated with reduced artemisinin resistance in-vitro. The mutation is present at low prevalence in this geographical area.,"threshold based on own judgement, no WHO guideline is available"
drug resistance,artemisinin,coronin,R100K,0.31,0.6,intermediate,,Reduced artemisinin sensitivity is expected.,"This mutation has been associated with reduced artemisinin resistance in-vitro. The mutation is present at increased prevalence in this geographical area. Therefore, artemisinin might no longer be working.","threshold based on own judgement, no WHO guideline is available"
drug resistance,artemisinin,coronin,R100K,0.61,1,high,,High risk for reduced artemisinin sensitivity.,"This mutation has been associated with reduced artemisinin resistance in-vitro. The mutation is present at high prevalence in this geographical area. Therefore, there is a high chance that artemisinin will no longer be active in this geographical area.","threshold based on own judgement, no WHO guideline is available"
drug resistance,artemisinin,coronin,E107V,0,0.3,low,,Reduced artemisinin sensitivity is possible.,This mutation has been associated with reduced artemisinin resistance in-vitro. The mutation is present at low prevalence in this geographical area.,"threshold based on own judgement, no WHO guideline is available"
drug resistance,artemisinin,coronin,E107V,0.31,0.6,intermediate,,Reduced artemisinin sensitivity is expected.,"This mutation has been associated with reduced artemisinin resistance in-vitro. The mutation is present at increased prevalence in this geographical area. Therefore, artemisinin might no longer be working.","threshold based on own judgement, no WHO guideline is available"
drug resistance,artemisinin,coronin,E107V,0.61,1,high,,High risk for reduced artemisinin sensitivity.,"This mutation has been associated with reduced artemisinin resistance in-vitro. The mutation is present at high prevalence in this geographical area. Therefore, there is a high chance that artemisinin will no longer be active in this geographical area.","threshold based on own judgement, no WHO guideline is available"
drug resistance,pyrimethamine,mdr2,F423Y,0,0.3,low,,Reduced sensitivity to pyrimethamine is possible.,This mutation has been associated with reduced pyrimethamine resistance in-vitro. The mutation is present at low prevalence in this geographical area. ,"threshold based on own judgement, no WHO guideline is available"
drug resistance,pyrimethamine,mdr2,F423Y,0.31,0.6,intermediate,,Reduced sensitivity to pyrimethamine is expected.,"This mutation has been associated with reduced pyrimethamine resistance in-vitro. The mutation is present at increased prevalence in this geographical area. Therefore, the efficacy of pyrimethamine might be reduced.","threshold based on own judgement, no WHO guideline is available"
drug resistance,pyrimethamine,mdr2,F423Y,0.61,1,intermediate,,There is high risk for reduced sensitivity to pyrimthamine.,"This mutation has been associated with reduced pyrimethamine resistance in-vitro. The mutation is present at high prevalence in this geographical area. Therefore, there is a high chance that the efficacy of pyrimethamine is reduced.","threshold based on own judgement, no WHO guideline is available"
drug resistance,general,mdr1,any additional mutation/haplotype,0,0.3,low,,Reduced antimalarial sensitivity is possible.,This mutation has not been associated with resistance to any particular antimalarial and the prevalence of the mutation is low. ,"threshold based on own judgement, no WHO guideline is available"
drug resistance,general,mdr1,any additional mutation/haplotype,0.31,0.6,intermediate,,Reduced antimalarial sensitivity is possible.,This mutation has not been associated with resistance to any particular antimalarial but the  prevalence of the mutation is increased and could thereby impact the efficacy of antimalarials.,"threshold based on own judgement, no WHO guideline is available"
drug resistance,general,mdr1,any additional mutation/haplotype,0.61,1,high,,Reduced antimalarial sensitivity is possible.,This mutation has not been associated with resistance to any particular antimalarial but the  prevalence of the mutation is high and could thereby impact the efficacy of antimalarials.,"threshold based on own judgement, no WHO guideline is available"
drug resistance,general,mdr2,any additional mutation/haplotype,0,0.3,low,,Reduced antimalarial sensitivity is possible.,This mutation has not been associated with resistance to any particular antimalarial and the prevalence of the mutation is low. ,"threshold based on own judgement, no WHO guideline is available"
drug resistance,general,mdr2,any additional mutation/haplotype,0.31,0.6,intermediate,,Reduced antimalarial sensitivity is possible.,This mutation has not been associated with resistance to any particular antimalarial but the  prevalence of the mutation is increased and could thereby impact the efficacy of antimalarials.,"threshold based on own judgement, no WHO guideline is available"
drug resistance,general,mdr2,any additional mutation/haplotype,0.61,1,high,,Reduced antimalarial sensitivity is possible.,This mutation has not been associated with resistance to any particular antimalarial but the  prevalence of the mutation is high and could thereby impact the efficacy of antimalarials.,"threshold based on own judgement, no WHO guideline is available"
,,,,,,,,,,
,,,,,,,,,,
,,,,,,,,,,
,,,,,,,,,,
,,,,,,,,,,
,,,,,,,,,,
,,,,,,,,,,
,,,,,,,,,,
,,,,,,,,,,
,,,,,,,,,,
,,,,,,,,,,
,,,,,,,,,,
,,,,,,,,,,
,,,,,,,,,,
,,,,,,,,,,
,,,,,,,,,,
,,,,,,,,,,
,,,,,,,,,,
,,,,,,,,,,
,,,,,,,,,,
,,,,,,,,,,
,,,,,,,,,,
,,,,,,,,,,
,,,,,,,,,,
,,,,,,,,,,
,,,,,,,,,,
,,,,,,,,,,
,,,,,,,,,,
,,,,,,,,,,
,,,,,,,,,,
,,,,,,,,,,
,,,,,,,,,,
,,,,,,,,,,
,,,,,,,,,,
,,,,,,,,,,
,,,,,,,,,,
,,,,,,,,,,
,,,,,,,,,,
,,,,,,,,,,
,,,,,,,,,,
,,,,,,,,,,
,,,,,,,,,,
,,,,,,,,,,
,,,,,,,,,,
,,,,,,,,,,
,,,,,,,,,,
,,,,,,,,,,
,,,,,,,,,,
,,,,,,,,,,
,,,,,,,,,,
,,,,,,,,,,
,,,,,,,,,,
,,,,,,,,,,
,,,,,,,,,,
,,,,,,,,,,
,,,,,,,,,,
,,,,,,,,,,
,,,,,,,,,,
,,,,,,,,,,
,,,,,,,,,,
,,,,,,,,,,
,,,,,,,,,,
,,,,,,,,,,
,,,,,,,,,,
,,,,,,,,,,
,,,,,,,,,,
,,,,,,,,,,
,,,,,,,,,,
,,,,,,,,,,
,,,,,,,,,,
,,,,,,,,,,
,,,,,,,,,,
,,,,,,,,,,
,,,,,,,,,,
,,,,,,,,,,
,,,,,,,,,,
,,,,,,,,,,
,,,,,,,,,,
,,,,,,,,,,
,,,,,,,,,,
,,,,,,,,,,
,,,,,,,,,,
,,,,,,,,,,
,,,,,,,,,,
,,,,,,,,,,
,,,,,,,,,,
,,,,,,,,,,
,,,,,,,,,,
,,,,,,,,,,
,,,,,,,,,,
,,,,,,,,,,
,,,,,,,,,,
,,,,,,,,,,
,,,,,,,,,,
,,,,,,,,,,
,,,,,,,,,,
,,,,,,,,,,
,,,,,,,,,,
,,,,,,,,,,
,,,,,,,,,,
,,,,,,,,,,
,,,,,,,,,,
,,,,,,,,,,
,,,,,,,,,,
,,,,,,,,,,
,,,,,,,,,,
,,,,,,,,,,
,,,,,,,,,,
,,,,,,,,,,
,,,,,,,,,,
,,,,,,,,,,
,,,,,,,,,,
,,,,,,,,,,
,,,,,,,,,,
,,,,,,,,,,
,,,,,,,,,,
,,,,,,,,,,
,,,,,,,,,,
,,,,,,,,,,
,,,,,,,,,,
,,,,,,,,,,
,,,,,,,,,,
,,,,,,,,,,
,,,,,,,,,,
,,,,,,,,,,
,,,,,,,,,,
,,,,,,,,,,
,,,,,,,,,,
,,,,,,,,,,
,,,,,,,,,,
,,,,,,,,,,
,,,,,,,,,,
,,,,,,,,,,
,,,,,,,,,,
,,,,,,,,,,
,,,,,,,,,,
,,,,,,,,,,
,,,,,,,,,,
,,,,,,,,,,
,,,,,,,,,,
,,,,,,,,,,
,,,,,,,,,,
,,,,,,,,,,
,,,,,,,,,,
,,,,,,,,,,
,,,,,,,,,,
,,,,,,,,,,
,,,,,,,,,,
,,,,,,,,,,
,,,,,,,,,,
,,,,,,,,,,
,,,,,,,,,,
,,,,,,,,,,
,,,,,,,,,,
,,,,,,,,,,
,,,,,,,,,,
,,,,,,,,,,
,,,,,,,,,,
,,,,,,,,,,
,,,,,,,,,,
,,,,,,,,,,
,,,,,,,,,,
,,,,,,,,,,
,,,,,,,,,,
,,,,,,,,,,
,,,,,,,,,,
,,,,,,,,,,
,,,,,,,,,,
,,,,,,,,,,
,,,,,,,,,,
,,,,,,,,,,
,,,,,,,,,,
,,,,,,,,,,
,,,,,,,,,,
,,,,,,,,,,
,,,,,,,,,,
,,,,,,,,,,
,,,,,,,,,,
,,,,,,,,,,
,,,,,,,,,,
,,,,,,,,,,
,,,,,,,,,,
,,,,,,,,,,
,,,,,,,,,,
,,,,,,,,,,
,,,,,,,,,,
,,,,,,,,,,
,,,,,,,,,,
,,,,,,,,,,
,,,,,,,,,,
,,,,,,,,,,
,,,,,,,,,,
,,,,,,,,,,
,,,,,,,,,,
,,,,,,,,,,
,,,,,,,,,,
,,,,,,,,,,
,,,,,,,,,,
,,,,,,,,,,
,,,,,,,,,,
,,,,,,,,,,
,,,,,,,,,,
,,,,,,,,,,
,,,,,,,,,,
,,,,,,,,,,
,,,,,,,,,,
,,,,,,,,,,
,,,,,,,,,,
,,,,,,,,,,
,,,,,,,,,,
,,,,,,,,,,
,,,,,,,,,,
,,,,,,,,,,
,,,,,,,,,,
,,,,,,,,,,
,,,,,,,,,,
,,,,,,,,,,
,,,,,,,,,,
,,,,,,,,,,
,,,,,,,,,,
,,,,,,,,,,
,,,,,,,,,,
,,,,,,,,,,
,,,,,,,,,,
,,,,,,,,,,
,,,,,,,,,,
,,,,,,,,,,
,,,,,,,,,,
,,,,,,,,,,
,,,,,,,,,,
,,,,,,,,,,
,,,,,,,,,,
,,,,,,,,,,
,,,,,,,,,,
,,,,,,,,,,
,,,,,,,,,,
,,,,,,,,,,
,,,,,,,,,,
,,,,,,,,,,
,,,,,,,,,,
,,,,,,,,,,
,,,,,,,,,,
,,,,,,,,,,
,,,,,,,,,,
,,,,,,,,,,
,,,,,,,,,,
,,,,,,,,,,
,,,,,,,,,,
,,,,,,,,,,
,,,,,,,,,,
,,,,,,,,,,
,,,,,,,,,,
,,,,,,,,,,
,,,,,,,,,,
,,,,,,,,,,
,,,,,,,,,,
,,,,,,,,,,
,,,,,,,,,,
,,,,,,,,,,
,,,,,,,,,,
,,,,,,,,,,
,,,,,,,,,,
,,,,,,,,,,
,,,,,,,,,,
,,,,,,,,,,
,,,,,,,,,,
,,,,,,,,,,
,,,,,,,,,,
,,,,,,,,,,
,,,,,,,,,,
,,,,,,,,,,
,,,,,,,,,,
,,,,,,,,,,
,,,,,,,,,,
,,,,,,,,,,
,,,,,,,,,,
,,,,,,,,,,
,,,,,,,,,,
,,,,,,,,,,
,,,,,,,,,,
,,,,,,,,,,
,,,,,,,,,,
,,,,,,,,,,
,,,,,,,,,,
,,,,,,,,,,
,,,,,,,,,,
,,,,,,,,,,
,,,,,,,,,,
,,,,,,,,,,
,,,,,,,,,,
,,,,,,,,,,
,,,,,,,,,,
,,,,,,,,,,
,,,,,,,,,,
,,,,,,,,,,
,,,,,,,,,,
,,,,,,,,,,
,,,,,,,,,,
,,,,,,,,,,
,,,,,,,,,,
,,,,,,,,,,
,,,,,,,,,,
,,,,,,,,,,
,,,,,,,,,,
,,,,,,,,,,
,,,,,,,,,,
,,,,,,,,,,
,,,,,,,,,,
,,,,,,,,,,
,,,,,,,,,,
,,,,,,,,,,
,,,,,,,,,,
,,,,,,,,,,
,,,,,,,,,,
,,,,,,,,,,
,,,,,,,,,,
,,,,,,,,,,
,,,,,,,,,,
,,,,,,,,,,
,,,,,,,,,,
,,,,,,,,,,
,,,,,,,,,,
,,,,,,,,,,
,,,,,,,,,,
,,,,,,,,,,
,,,,,,,,,,
,,,,,,,,,,
,,,,,,,,,,
,,,,,,,,,,
,,,,,,,,,,
,,,,,,,,,,
,,,,,,,,,,
,,,,,,,,,,
,,,,,,,,,,
,,,,,,,,,,
,,,,,,,,,,
,,,,,,,,,,
,,,,,,,,,,
,,,,,,,,,,
,,,,,,,,,,
,,,,,,,,,,
,,,,,,,,,,
,,,,,,,,,,
,,,,,,,,,,
,,,,,,,,,,
,,,,,,,,,,
,,,,,,,,,,
,,,,,,,,,,
,,,,,,,,,,
,,,,,,,,,,
,,,,,,,,,,
,,,,,,,,,,
,,,,,,,,,,
,,,,,,,,,,
,,,,,,,,,,
,,,,,,,,,,
,,,,,,,,,,
,,,,,,,,,,
,,,,,,,,,,
,,,,,,,,,,
,,,,,,,,,,
,,,,,,,,,,
,,,,,,,,,,
,,,,,,,,,,
,,,,,,,,,,
,,,,,,,,,,
,,,,,,,,,,
,,,,,,,,,,
,,,,,,,,,,
,,,,,,,,,,
,,,,,,,,,,
,,,,,,,,,,
,,,,,,,,,,
,,,,,,,,,,
,,,,,,,,,,
,,,,,,,,,,
,,,,,,,,,,
,,,,,,,,,,
,,,,,,,,,,
,,,,,,,,,,
,,,,,,,,,,
,,,,,,,,,,
,,,,,,,,,,
,,,,,,,,,,
,,,,,,,,,,
,,,,,,,,,,
,,,,,,,,,,
,,,,,,,,,,
,,,,,,,,,,
,,,,,,,,,,
,,,,,,,,,,
,,,,,,,,,,
,,,,,,,,,,
,,,,,,,,,,
,,,,,,,,,,
,,,,,,,,,,
,,,,,,,,,,
,,,,,,,,,,
,,,,,,,,,,
,,,,,,,,,,
,,,,,,,,,,
,,,,,,,,,,
,,,,,,,,,,
,,,,,,,,,,
,,,,,,,,,,
,,,,,,,,,,
,,,,,,,,,,
,,,,,,,,,,
,,,,,,,,,,
,,,,,,,,,,
,,,,,,,,,,
,,,,,,,,,,
,,,,,,,,,,
,,,,,,,,,,
,,,,,,,,,,
,,,,,,,,,,
,,,,,,,,,,
,,,,,,,,,,
,,,,,,,,,,
,,,,,,,,,,
,,,,,,,,,,
,,,,,,,,,,
,,,,,,,,,,
,,,,,,,,,,
,,,,,,,,,,
,,,,,,,,,,
,,,,,,,,,,
,,,,,,,,,,
,,,,,,,,,,
,,,,,,,,,,
,,,,,,,,,,
,,,,,,,,,,
,,,,,,,,,,
,,,,,,,,,,
,,,,,,,,,,
,,,,,,,,,,
,,,,,,,,,,
,,,,,,,,,,
,,,,,,,,,,
,,,,,,,,,,
,,,,,,,,,,
,,,,,,,,,,
,,,,,,,,,,
,,,,,,,,,,
,,,,,,,,,,
,,,,,,,,,,
,,,,,,,,,,
,,,,,,,,,,
,,,,,,,,,,
,,,,,,,,,,
,,,,,,,,,,
,,,,,,,,,,
,,,,,,,,,,
,,,,,,,,,,
,,,,,,,,,,
,,,,,,,,,,
,,,,,,,,,,
,,,,,,,,,,
,,,,,,,,,,
,,,,,,,,,,
,,,,,,,,,,
,,,,,,,,,,
,,,,,,,,,,
,,,,,,,,,,
,,,,,,,,,,
,,,,,,,,,,
,,,,,,,,,,
,,,,,,,,,,
,,,,,,,,,,
,,,,,,,,,,
,,,,,,,,,,
,,,,,,,,,,
,,,,,,,,,,
,,,,,,,,,,
,,,,,,,,,,
,,,,,,,,,,
,,,,,,,,,,
,,,,,,,,,,
,,,,,,,,,,
,,,,,,,,,,
,,,,,,,,,,
,,,,,,,,,,
,,,,,,,,,,
,,,,,,,,,,
,,,,,,,,,,
,,,,,,,,,,
,,,,,,,,,,
,,,,,,,,,,
,,,,,,,,,,
,,,,,,,,,,
,,,,,,,,,,
,,,,,,,,,,
,,,,,,,,,,
,,,,,,,,,,
,,,,,,,,,,
,,,,,,,,,,
,,,,,,,,,,
,,,,,,,,,,
,,,,,,,,,,
,,,,,,,,,,
,,,,,,,,,,
,,,,,,,,,,
,,,,,,,,,,
,,,,,,,,,,
,,,,,,,,,,
,,,,,,,,,,
,,,,,,,,,,
,,,,,,,,,,
,,,,,,,,,,
,,,,,,,,,,
,,,,,,,,,,
,,,,,,,,,,
,,,,,,,,,,
,,,,,,,,,,
,,,,,,,,,,
,,,,,,,,,,
,,,,,,,,,,
,,,,,,,,,,
,,,,,,,,,,
,,,,,,,,,,
,,,,,,,,,,
,,,,,,,,,,
,,,,,,,,,,
,,,,,,,,,,
,,,,,,,,,,
,,,,,,,,,,
,,,,,,,,,,
,,,,,,,,,,
,,,,,,,,,,
,,,,,,,,,,
,,,,,,,,,,
,,,,,,,,,,
,,,,,,,,,,
,,,,,,,,,,
,,,,,,,,,,
,,,,,,,,,,
,,,,,,,,,,
,,,,,,,,,,
,,,,,,,,,,
,,,,,,,,,,
,,,,,,,,,,
,,,,,,,,,,
,,,,,,,,,,
,,,,,,,,,,
,,,,,,,,,,
,,,,,,,,,,
,,,,,,,,,,
,,,,,,,,,,
,,,,,,,,,,
,,,,,,,,,,
,,,,,,,,,,
,,,,,,,,,,
,,,,,,,,,,
,,,,,,,,,,
,,,,,,,,,,
,,,,,,,,,,
,,,,,,,,,,
,,,,,,,,,,
,,,,,,,,,,
,,,,,,,,,,
,,,,,,,,,,
,,,,,,,,,,
,,,,,,,,,,
,,,,,,,,,,
,,,,,,,,,,
,,,,,,,,,,
,,,,,,,,,,
,,,,,,,,,,
,,,,,,,,,,
,,,,,,,,,,
,,,,,,,,,,
,,,,,,,,,,
,,,,,,,,,,
,,,,,,,,,,
,,,,,,,,,,
,,,,,,,,,,
,,,,,,,,,,
,,,,,,,,,,
,,,,,,,,,,
,,,,,,,,,,
,,,,,,,,,,
,,,,,,,,,,
,,,,,,,,,,
,,,,,,,,,,
,,,,,,,,,,
,,,,,,,,,,
,,,,,,,,,,
,,,,,,,,,,
,,,,,,,,,,
,,,,,,,,,,
,,,,,,,,,,
,,,,,,,,,,
,,,,,,,,,,
,,,,,,,,,,
,,,,,,,,,,
,,,,,,,,,,
,,,,,,,,,,
,,,,,,,,,,
,,,,,,,,,,
,,,,,,,,,,
,,,,,,,,,,
,,,,,,,,,,
,,,,,,,,,,
,,,,,,,,,,
,,,,,,,,,,
,,,,,,,,,,
,,,,,,,,,,
,,,,,,,,,,
,,,,,,,,,,
,,,,,,,,,,
,,,,,,,,,,
,,,,,,,,,,
,,,,,,,,,,
,,,,,,,,,,
,,,,,,,,,,
,,,,,,,,,,
,,,,,,,,,,
,,,,,,,,,,
,,,,,,,,,,
,,,,,,,,,,
,,,,,,,,,,
,,,,,,,,,,
,,,,,,,,,,
,,,,,,,,,,
,,,,,,,,,,
,,,,,,,,,,
,,,,,,,,,,
,,,,,,,,,,
,,,,,,,,,,
,,,,,,,,,,
,,,,,,,,,,
,,,,,,,,,,
,,,,,,,,,,
,,,,,,,,,,
,,,,,,,,,,
,,,,,,,,,,
,,,,,,,,,,
,,,,,,,,,,
,,,,,,,,,,
,,,,,,,,,,
,,,,,,,,,,
,,,,,,,,,,
,,,,,,,,,,
,,,,,,,,,,
,,,,,,,,,,
,,,,,,,,,,
,,,,,,,,,,
,,,,,,,,,,
,,,,,,,,,,
,,,,,,,,,,
,,,,,,,,,,
,,,,,,,,,,
,,,,,,,,,,
,,,,,,,,,,
,,,,,,,,,,
,,,,,,,,,,
,,,,,,,,,,
,,,,,,,,,,
,,,,,,,,,,
,,,,,,,,,,
,,,,,,,,,,
,,,,,,,,,,
,,,,,,,,,,
,,,,,,,,,,
,,,,,,,,,,
,,,,,,,,,,
,,,,,,,,,,
,,,,,,,,,,
,,,,,,,,,,
,,,,,,,,,,
,,,,,,,,,,
,,,,,,,,,,
,,,,,,,,,,
,,,,,,,,,,
,,,,,,,,,,
,,,,,,,,,,
,,,,,,,,,,
,,,,,,,,,,
,,,,,,,,,,
,,,,,,,,,,
,,,,,,,,,,
,,,,,,,,,,
,,,,,,,,,,
,,,,,,,,,,
,,,,,,,,,,
,,,,,,,,,,
,,,,,,,,,,
,,,,,,,,,,
,,,,,,,,,,
,,,,,,,,,,
,,,,,,,,,,
,,,,,,,,,,
,,,,,,,,,,
,,,,,,,,,,
,,,,,,,,,,
,,,,,,,,,,
,,,,,,,,,,
,,,,,,,,,,
,,,,,,,,,,
,,,,,,,,,,
,,,,,,,,,,
,,,,,,,,,,
,,,,,,,,,,
,,,,,,,,,,
,,,,,,,,,,
,,,,,,,,,,
,,,,,,,,,,
,,,,,,,,,,
,,,,,,,,,,
,,,,,,,,,,
,,,,,,,,,,
,,,,,,,,,,
,,,,,,,,,,
,,,,,,,,,,
,,,,,,,,,,
,,,,,,,,,,
,,,,,,,,,,
,,,,,,,,,,
,,,,,,,,,,
,,,,,,,,,,
,,,,,,,,,,
,,,,,,,,,,
,,,,,,,,,,
,,,,,,,,,,
,,,,,,,,,,
,,,,,,,,,,
,,,,,,,,,,
,,,,,,,,,,
,,,,,,,,,,
,,,,,,,,,,
,,,,,,,,,,
,,,,,,,,,,
,,,,,,,,,,
,,,,,,,,,,
,,,,,,,,,,
,,,,,,,,,,
,,,,,,,,,,
,,,,,,,,,,
,,,,,,,,,,
,,,,,,,,,,
,,,,,,,,,,
,,,,,,,,,,
,,,,,,,,,,
,,,,,,,,,,
,,,,,,,,,,
,,,,,,,,,,
,,,,,,,,,,
,,,,,,,,,,
,,,,,,,,,,
,,,,,,,,,,
,,,,,,,,,,
,,,,,,,,,,
,,,,,,,,,,
,,,,,,,,,,
,,,,,,,,,,
,,,,,,,,,,
,,,,,,,,,,
,,,,,,,,,,
,,,,,,,,,,
,,,,,,,,,,
,,,,,,,,,,
,,,,,,,,,,
,,,,,,,,,,
,,,,,,,,,,
,,,,,,,,,,
,,,,,,,,,,
,,,,,,,,,,
,,,,,,,,,,
,,,,,,,,,,
,,,,,,,,,,
,,,,,,,,,,
,,,,,,,,,,
,,,,,,,,,,
,,,,,,,,,,
,,,,,,,,,,
,,,,,,,,,,
,,,,,,,,,,
,,,,,,,,,,
,,,,,,,,,,
,,,,,,,,,,
,,,,,,,,,,
,,,,,,,,,,
,,,,,,,,,,
,,,,,,,,,,
,,,,,,,,,,
,,,,,,,,,,
,,,,,,,,,,
,,,,,,,,,,
,,,,,,,,,,
,,,,,,,,,,
,,,,,,,,,,
,,,,,,,,,,
,,,,,,,,,,
,,,,,,,,,,
,,,,,,,,,,
,,,,,,,,,,
,,,,,,,,,,
,,,,,,,,,,
,,,,,,,,,,
,,,,,,,,,,
,,,,,,,,,,
,,,,,,,,,,
,,,,,,,,,,
,,,,,,,,,,
,,,,,,,,,,
,,,,,,,,,,
,,,,,,,,,,
,,,,,,,,,,
,,,,,,,,,,
,,,,,,,,,,
,,,,,,,,,,
,,,,,,,,,,
,,,,,,,,,,
,,,,,,,,,,
,,,,,,,,,,
,,,,,,,,,,
,,,,,,,,,,
,,,,,,,,,,
,,,,,,,,,,
,,,,,,,,,,
,,,,,,,,,,
,,,,,,,,,,
,,,,,,,,,,
,,,,,,,,,,
,,,,,,,,,,
,,,,,,,,,,
,,,,,,,,,,
,,,,,,,,,,
,,,,,,,,,,
,,,,,,,,,,
,,,,,,,,,,
,,,,,,,,,,
,,,,,,,,,,
,,,,,,,,,,
,,,,,,,,,,
,,,,,,,,,,
,,,,,,,,,,
,,,,,,,,,,
,,,,,,,,,,
,,,,,,,,,,
,,,,,,,,,,
,,,,,,,,,,
,,,,,,,,,,
,,,,,,,,,,
,,,,,,,,,,
,,,,,,,,,,
,,,,,,,,,,
,,,,,,,,,,
,,,,,,,,,,
,,,,,,,,,,
,,,,,,,,,,
,,,,,,,,,,
,,,,,,,,,,
,,,,,,,,,,
,,,,,,,,,,
,,,,,,,,,,
,,,,,,,,,,
,,,,,,,,,,
,,,,,,,,,,
,,,,,,,,,,
,,,,,,,,,,
,,,,,,,,,,
,,,,,,,,,,
,,,,,,,,,,
,,,,,,,,,,
,,,,,,,,,,
,,,,,,,,,,
,,,,,,,,,,
,,,,,,,,,,
,,,,,,,,,,
,,,,,,,,,,
,,,,,,,,,,
,,,,,,,,,,
,,,,,,,,,,