Author,doi,title,year of publication,year of sample collection,corrected year,study focus,state,city,sample size Nigeria only,codons checked,51I & 59R,51I & 108N,59R & 108N,51I & 59R & 108N,51I & 59R & 108N & 164L,sum of haplotype prevalences,Unnamed: 17,comment
De Fatima,10.1007/s10096-004-1187-4,Prevalence of mutations in dihydrofolate reductase and dihydropteroate synthetase genes of Plasmodium falciparum: analysis of imported cases of malaria in Italy,2004,1995-2002,1999,returning travelers,,Negrar,3,"51, 59, 108",,,,,,0.0,,
Ojurongbe,10.1007/s00508-010-1484-0,Molecular surveillance of drug-resistant Plasmodium falciparum in two distinct geographical areas of Nigeria,2010,2006-2007,2006,0.5-12,Edo,Benin ,156,"51, 59, 108",na,na,na,0.99,,0.99,,
Happi ,10.1016/j.actatropica.2005.06.015,Polymorphisms in Plasmodium falciparum dhfr and dhps genes and age related in vivo sulfadoxine√±pyrimethamine resistance in malaria-infected patients from Nigeria,2005,2003-2004,2003,0-12,Oyo,Ibadan,118,"51, 59, 108, 164",na,na,na,,,0.0,,
Oguike,10.1016/j.ijpddr.2016.08.004,Molecular determinants of sulfadoxine-pyrimethamine resistance in Plasmodium falciparum in Nigeria and the regional emergence of dhps 431V,2016,2003,2003,"pregnant women, children",Ondo,,38,"16, 50, 51, 59,108,140, 164",0,0,0,1.0,0,1.0,,
Oguike,10.1016/j.ijpddr.2016.08.004,Molecular determinants of sulfadoxine-pyrimethamine resistance in Plasmodium falciparum in Nigeria and the regional emergence of dhps 431V,2016,2007-2008,2007,"pregnant women, children",Ondo,,191,"16, 50, 51, 59,108,140, 164",0,0,0.016,0.969,0,0.985,,
Oguike,10.1016/j.ijpddr.2016.08.004,Molecular determinants of sulfadoxine-pyrimethamine resistance in Plasmodium falciparum in Nigeria and the regional emergence of dhps 431V,2016,2014-2015,2014,"pregnant women, children",Edo,,79,"16, 50, 51, 59,108,140, 164",0,0.013,0,0.987,0,1.0,,
Oguike,10.1016/j.ijpddr.2016.08.004,Molecular determinants of sulfadoxine-pyrimethamine resistance in Plasmodium falciparum in Nigeria and the regional emergence of dhps 431V,2016,2010,2010,"pregnant women, children",Borno,,48,"16, 50, 51, 59,108,140, 164",,,0.104,0.813,,0.916999999999999,,
Oguike,10.1016/j.ijpddr.2016.08.004,Molecular determinants of sulfadoxine-pyrimethamine resistance in Plasmodium falciparum in Nigeria and the regional emergence of dhps 431V,2016,2010,2010,"pregnant women, children",Enugu,,190,"16, 50, 51, 59,108,140, 164",0.0277,0.01834,0.0052,0.931578,,0.982818,,
Chijioke-Nwauche,10.1093/trstmh/trab061,"Antimalarial drug resistance markers in human immunodeficiency virus (HIV)-positive and HIV-negative adults with asymptomatic malaria infections in Port Harcourt, Nigeria",2021,2010-2011,2010,HIV+/- adults,Rivers,Port Harcourt,48,"50, 51, 59, 108, 164",,,,0.96,,0.96,,single mutants not clearly stated
Iwalokun,10.1159/000430987,"Carriage of Mutant Dihydrofolate Reductase and Dihydropteroate Synthase Genes among Plasmodium falciparum Isolates Recovered from Pregnant Women with Asymptomatic Infection in Lagos, Nigeria",2015,2011-2011,2011,pregnant women,Lagos,Victoria Island,107,"51, 59, 108",na,na,na,0.35,na,0.35,,
Ojurongbe,10.4081/idr.2011.e16,Prevalence of Dihydrofolate reductase gene mutations in Plasmodium falciparum isolate from pregnant women in Nigeria,2011,na,2011,pregnant women,Kwara,Ilorin,39,"51, 59, 108, 164",,,,0.179,,0.179,,other haplotype calculation cannot be used since not conclusive
Van Schalkwyk,10.1186/1475-2875-12-320,"Culture-adapted Plasmodium falciparum isolates from UK travellers: in vitro drug sensitivity, clonality and drug resistance markers",2012,na,2012,returning travelers,,London,2,"16, 50, 51, 59, 108, 140, 164",0,0,0,1.0,0,1.0,,
Plucinski,10.1093/ofid/ofu059,Novel Mutation in Cytochrome B of Plasmodium falciparum in One of Two Atovaquone-Proguanil Treatment Failures in Travelers Returning From Same Site in Nigeria,2014,2012-2013,2012,returning travelers,,,2,"51, 59, 108",0,0,0,1.0,,1.0,,
Quan,10.1186/s40249-020-00712-4,"High multiple mutations of Plasmodium falciparum-resistant genotypes to sulphadoxine-pyrimethamine in Lagos, Nigeria",2020,2010-2014,2012,,Lagos,Lagos,242,"51, 59, 83, 108, 122, 160, 164",,,,0.967,,0.967,,
Zhao,10.3389/fcimb.2021.644576,"Surveillance of Antimalarial Drug-Resistance Genes in Imported Plasmodium falciparum Isolates From Nigeria in Henan, China, 2012√±2019",2021,2012-2012,2012,returning traveler,Henan,,167,"16, 50, 51, 59, 108, 164",,0.031,0.038,0.881,0.006,0.956,,"single mutants also displayed separated by year, but not haplotypes, 164 mutation in 1/18 in 2012"
Esu,10.1007/s00436-018-5754-5,Prevalence of the Pfdhfr and Pfdhps mutations among asymptomatic pregnant women in Southeast Nigeria,2018,2013-2014,2013,pregnant women,Cross-River,Calabar,28,"51, 59, 108, 164",,,,0.929,,0.929,,
Kayode,10.1038/s41598-020-80017-6,Polymorphisms in Plasmodium falciparum dihydropteroate synthetase and dihydrofolate reductase genes in Nigerian children with uncomplicated malaria using high-resolution melting technique,2021,2014-2015,2014,< 5 years ,Adamawa; Sokoto; Kwara; Bayelsa; Imo,,271," 51, 59, 108, 164",,,,0.808,,0.808,,
Ojurongbe,10.1080/20477724.2017.1422615,High prevalence of dihydrofolate reductase gene mutations in Plasmodium falciparum parasites among pregnant women in Nigeria after reported use of sulfadoxine-pyrimethamine,2018,2015-2015,2015,pregnant women,Osun,Ikirun,60,"50, 51, 59, 108, 164",,,,0.63,,0.63,,single mutants not stated
Xu,10.1128/AAC.01927-18,Mutation Profile of pfdhfr and pfdhps in Plasmodium falciparum among Returned Chinese Migrant Workers from Africa,2019,2013-2016,2015,returning traveler,Shandong,,36,"16, 51, 59, 108, 164",,,,0.806,,0.806,,
Xu,10.1128/aac.01927-18,Mutation Profile of pfdhfr and pfdhps in Plasmodium falciparum among Returned Chinese Migrant Workers from Africa,2018,2013-2016,2015,returning traveler,Shandong,,36,"16, 51, 59, 108, 164",,,,0.806,,0.806,,
Jiang,10.1186/s12936-020-03509-w,"Molecular surveillance of anti?malarial resistance Pfdhfr and Pfdhps polymorphisms in African and Southeast Asia Plasmodium falciparum imported parasites to Wuhan, China",2020,2011-2019,2015,returning traveler,Hubei,Wuhan,45,"51, 59, 108, 164",,0.067,,0.889,,0.956,,
Agomo,10.1371/journal.pone.0146908,"Assessment of Markers of Antimalarial Drug Resistance in Plasmodium falciparum Isolates from Pregnant Women in Lagos, Nigeria",2016,na,2016,pregant women,Lagos,,54,"16, 50, 51, 59, 108, 140, 164",,0.07,,0.66,,0.73,,
Oboh,10.1016/j.meegid.2018.10.007,Molecular epidemiology and evolution of drug-resistant genes in the malaria parasite Plasmodium falciparum in southwestern Nigeria,2018,2016-2017,2016,<2 years (children),Edo,,41,"16, 51, 59, 108, 164",,,,0.027,0.865,0.892,,
Oboh,10.1016/j.meegid.2018.10.007,Molecular epidemiology and evolution of drug-resistant genes in the malaria parasite Plasmodium falciparum in southwestern Nigeria,2018,2016-2017,2016,<2 years (children),Lagos,,70,"16, 51, 59, 108, 164",,,,0.041,0.939,0.98,,
Beshir,10.1016/S1473-3099(22)00593-X,Prevalence of Plasmodium falciparum haplotypes associated with resistance to sulfadoxine√±pyrimethamine and amodiaquine before and after upscaling of seasonal malaria chemoprevention in seven African countries: a genomic surveillance study,2023,2016-2016,2016,<5 years,Zamfara,Anka,601,"51, 59, 108, 140,164",,,,0.594,,0.594,,
Beshir,10.1016/S1473-3099(22)00593-X,Prevalence of Plasmodium falciparum haplotypes associated with resistance to sulfadoxine√±pyrimethamine and amodiaquine before and after upscaling of seasonal malaria chemoprevention in seven African countries: a genomic surveillance study,2023,2016-2016,2016,10-30 years,Zamfara,Anka,495,"51, 59, 108, 140,164",,,,0.826,,0.826,,
Wang,10.1128/spectrum.00528-22,Molecular Epidemiology of Drug Resistance Genes in Plasmodium falciparum Isolates Imported from Nigeria between 2016 and 2020: Continued Emergence of Fully Resistant Pfdhfr- Pfdhps Alleles,2022,2016-2016,2016,returning traveler,Zhejiang,,40,"51, 59, 108, 164",,0.025,0.025,0.925,,0.975,,
Wang,10.1128/spectrum.00528-22,Molecular Epidemiology of Drug Resistance Genes in Plasmodium falciparum Isolates Imported from Nigeria between 2016 and 2020: Continued Emergence of Fully Resistant Pfdhfr- Pfdhps Alleles,2022,2017-2017,2017,returning traveler,Zhejiang,,39,"51, 59, 108, 164",,0.026,0,0.974,,1.0,,
Fagbemi,10.1016/j.meegid.2020.104503,"Analysis of sulphadoxine√±pyrimethamine resistance-associated mutations in Plasmodium falciparum isolates obtained from asymptomatic pregnant women in Ogun State, Southwest Nigeria",2020,2018-2019,2018,pregnant women,Ogun,Ijebu-Ode; Abeokuta; Ijebu-Igbo;  Ifo,52,"50, 51, 59, 108, 164",,0.02,,0.98,,1.0,,
Balogun,10.1155/2021/8840089,"Single Nucleotide Polymorphisms of Pfdhfr and Pfdhps Genes: Implications for Malaria Prophylactic Strategies in Maiduguri, Northeast Nigeria",2021,2018-2018,2018,,Borno,Maiduguri,63,"51, 59, 108",,,0.078,0.603,,0.680999999999999,,
Yan,10.3389/fcimb.2021.673194,High Frequency Mutations in pfdhfr and pfdhps of Plasmodium falciparum in Response to Sulfadoxine-Pyrimethamine: A Cross-Sectional Survey in Returning Chinese Migrants From Africa,2021,2017-2019,2018,returning traveler,Anhui; Shangdong,,22,"16, 51, 59, 108, 164",,,0.09,0.91,,1.0,,
Figueroa-Romero,10.1016/S2214-109X(23)00414-X,Prevalence of molecular markers of resistance to sulfadoxine√±pyrimethamine before and after community delivery of intermittent preventive treatment of malaria in pregnancy in sub-Saharan Africa: a multi-country evaluation,2023,2018-2019,2018,children < 5 years,Ebonyi,"Ohaukwu, Ezza-South",702,"51, 59, 108,164",,0.01,0.02,0.771,,0.801,,
Beshir,10.1016/S1473-3099(22)00593-X,Prevalence of Plasmodium falciparum haplotypes associated with resistance to sulfadoxine√±pyrimethamine and amodiaquine before and after upscaling of seasonal malaria chemoprevention in seven African countries: a genomic surveillance study,2023,2018-2018,2018,<5 years,Zamfara,Anka,224,"51, 59, 108, 140,164",,,,0.611,,0.611,,
Beshir,10.1016/S1473-3099(22)00593-X,Prevalence of Plasmodium falciparum haplotypes associated with resistance to sulfadoxine√±pyrimethamine and amodiaquine before and after upscaling of seasonal malaria chemoprevention in seven African countries: a genomic surveillance study,2023,2018-2018,2018,10-30 years,Zamfara,Anka,391,"51, 59, 108, 140,164",,,,0.867,,0.867,,
Wang,10.1128/spectrum.00528-22,Molecular Epidemiology of Drug Resistance Genes in Plasmodium falciparum Isolates Imported from Nigeria between 2016 and 2020: Continued Emergence of Fully Resistant Pfdhfr- Pfdhps Alleles,2022,2018-2018,2018,returning traveler,Zhejiang,,28,"51, 59, 108, 164",,0.071,0.036,0.857,,0.964,,
Ajibaye,10.3389/fcimb.2024.1366563,Detection of novel Plasmodium falciparum coronin gene mutations in a recrudescent ACT-treated patient in South-Western Nigeria,2024,2019-2019,2019,12 months to <70 years TES,Lagos,Ijede General hospital (IJGH),14,"51, 59, 108,164",,,,0.46,,0.46,,
Wang,10.1128/spectrum.00528-22,Molecular Epidemiology of Drug Resistance Genes in Plasmodium falciparum Isolates Imported from Nigeria between 2016 and 2020: Continued Emergence of Fully Resistant Pfdhfr- Pfdhps Alleles,2022,2019-2019,2019,returning traveler,Zhejiang Province,,31,"51, 59, 108, 164",,0,0.032,0.903,,0.935,,
Adegbola,10.1186/s12936-023-04487-5,A snapshot of the prevalence of dihydropteroate synthase-431V mutation and other sulfadoxine-pyrimethamine resistance markers in Plasmodium falciparum isolates in Nigeria,2023,2020-2021,2020,pregnant women and other adults (data could not be separated well for our purpose),Osun,Ile-Ife,74,"50, 51, 59, 108, 164",0.958,0.014,0.014,,,0.986,,
Ibekpobaoku,10.1186/s13104-024-06763-2,Sub-microscopic Plasmodium falciparum infections and multiple drug resistant single nucleotide polymorphic alleles in pregnant women from southwestern Nigeria,2024,2019-2021,2020,pregnant women,Lagos,Lagos,7,"51, 59, 108,164",,,,0.286,,0.286,,
Wang,10.1128/spectrum.00528-22,Molecular Epidemiology of Drug Resistance Genes in Plasmodium falciparum Isolates Imported from Nigeria between 2016 and 2020: Continued Emergence of Fully Resistant Pfdhfr- Pfdhps Alleles,2022,2020-2020,2020,returning traveler,Zhejiang Province,,7,"51, 59, 108, 164",,0,0,1.0,,1.0,,
Figueroa-Romero,10.1016/S2214-109X(23)00414-X,Prevalence of molecular markers of resistance to sulfadoxine√±pyrimethamine before and after community delivery of intermittent preventive treatment of malaria in pregnancy in sub-Saharan Africa: a multi-country evaluation,2023,2021-2021,2021,children < 5 years,Ebonyi,"Ohaukwu, Ezza-South",600,"51, 59, 108,164",,0.003,0.02,0.953,0.001,0.977,,
Nyamngee,0.11604/pamj.2025.50.73.45826,"Prevalence of molecular markers associated with Plasmodium falciparum resistance to chloroquine and sulphadoxine/pyrimethamine in three malaria endemic local areas of Benue State, Nigeria",2025,2023-2024,2024,mixed age,Benue,,100,"51, 108",,,,,,0.0,,
Martín Ramírez,10.1186/s41182-025-00732-6,"Mutational profile of pfdhfr, pfdhps, pfmdr1, pfcrt and pfk13 genes of P. falciparum associated with resistance to different antimalarial drugs in Osun state, southwestern Nigeria",2025,2021,2021,children,Osun,Ore,266,"51, 59, 108, 164",,,,0.9699,,0.9699,,
Ibekpobaoku,10.1186/s13104-024-06763-2,Sub-microscopic Plasmodium falciparum infections and multiple drug resistant single nucleotide polymorphic alleles in pregnant women from southwestern Nigeria,2024,2019-2021,2020,pregnant women,Lagos,Lagos,7,"51, 59, 108,164",,,,0.286,,0.286,,
Ajibaye,10.3389/fcimb.2024.1366563,Detection of novel Plasmodium falciparum coronin gene mutations in a recrudescent ACT-treated patient in South-Western Nigeria,2024,2019-2019,2019,12 months to <70 years TES,Lagos,Ijede General hospital (IJGH),14,"51, 59, 108,164",,,,0.46,,0.46,,
Adegbola,10.3389/fgene.2024.1470156,"ONT sequencing identifies a high prevalence of crt sensitive, triple mutant dhfr and single mutantdhps parasites within an ANC population in Nigeria",2024,2022-2023,2023,Pregnant Women,Osun,Ilesa,23,"51, 59, 108, 164",,,,,,0.0,,
Ajibaye,10.3389/fcimb.2024.1366563,Detection of novel Plasmodium falciparum coronin gene mutations in a recrudescent ACT-treated patient in South-Western Nigeria,2024,2019-2019,2019,≥ 12 months to <70 years,Lagos,Ijede General hospital (IJGH),7,"51, 59, 108, 164",,,,0.428,0.142,0.57,,51I & 59R & 108T & 164L 42.8%
Zhou,10.1038/s41598-024-75828-w,Prevalence of molecular markers of sulfadoxine-pyrimethamine resistance in Plasmodium falciparum isolates from West Africa during 2012–2022,2024,2012–2022,2017,returning travelers,,,171,"51, 59, 108, 164",,0.035,0.029,,,0.064,,0.6% S120R
