Author,doi,title,year of publication,year of sample collection,corrected year,study focus,sample size Nigeria only,state,city,mutations yes/no,WT AA,codon,mutant AA,prevalence,synonymous/nonsynonymous,comment
Abubakar,10.3390/tropicalmed5020085,"Identification of Mutations in Antimalarial Resistance Gene Kelch13 from Plasmodium falciparum Isolates in Kano, Nigeria",2020,2018-2018,2018,18-56 years,49,Kano,Kano,yes,E,433.0,G,0.02,NS,
Abubakar,10.3390/tropicalmed5020085,"Identification of Mutations in Antimalarial Resistance Gene Kelch13 from Plasmodium falciparum Isolates in Kano, Nigeria",2020,2018-2018,2018,18-56 years,49,Kano,Kano,yes,F,434.0,I,0.04,NS,
Abubakar,10.3390/tropicalmed5020085,"Identification of Mutations in Antimalarial Resistance Gene Kelch13 from Plasmodium falciparum Isolates in Kano, Nigeria",2020,2018-2018,2018,18-56 years,49,Kano,Kano,yes,F,434.0,S,0.02,NS,
Abubakar,10.3390/tropicalmed5020085,"Identification of Mutations in Antimalarial Resistance Gene Kelch13 from Plasmodium falciparum Isolates in Kano, Nigeria",2020,2018-2018,2018,18-56 years,49,Kano,Kano,yes,I,684.0,N,0.02,NS,
Abubakar,10.3390/tropicalmed5020085,"Identification of Mutations in Antimalarial Resistance Gene Kelch13 from Plasmodium falciparum Isolates in Kano, Nigeria",2020,2018-2018,2018,18-56 years,49,Kano,Kano,yes,I,684.0,T,0.02,NS,
Abubakar,10.3390/tropicalmed5020085,"Identification of Mutations in Antimalarial Resistance Gene Kelch13 from Plasmodium falciparum Isolates in Kano, Nigeria",2020,2018-2018,2018,18-56 years,49,Kano,Kano,yes,E,688.0,K,0.02,NS,
Ajogbasile,10.1371/journal.pone.0264548,Molecular profiling of the artemisinin resistance Kelch 13 gene in Plasmodium falciparum from Nigeria,2021,2018-2018,2018,6-96 months,100,Enugu,,yes,A,578.0,S,0.0033,NS,
Ajogbasile,10.1371/journal.pone.0264548,Molecular profiling of the artemisinin resistance Kelch 13 gene in Plasmodium falciparum from Nigeria,2021,2018-2018,2018,6-96 months,100,Enugu,,yes,Q,613.0,H,0.0066,NS,
Ajogbasile,10.1371/journal.pone.0264548,Molecular profiling of the artemisinin resistance Kelch 13 gene in Plasmodium falciparum from Nigeria,2021,2018-2018,2018,6-96 months,100,Enugu,,yes,A,612.0,A,0.0033,S,
Ajogbasile,10.1371/journal.pone.0264548,Molecular profiling of the artemisinin resistance Kelch 13 gene in Plasmodium falciparum from Nigeria,2021,2018-2018,2018,6-96 months,100,Enugu,,yes,V,487.0,E,0.0033,NS,
Ajogbasile,10.1371/journal.pone.0264548,Molecular profiling of the artemisinin resistance Kelch 13 gene in Plasmodium falciparum from Nigeria,2021,2018-2018,2018,6-96 months,100,Enugu,,yes,A,557.0,S,0.0033,NS,
Ajogbasile,10.1371/journal.pone.0264548,Molecular profiling of the artemisinin resistance Kelch 13 gene in Plasmodium falciparum from Nigeria,2021,2018-2018,2018,6-96 months,100,Kano,,yes,N,694.0,K,0.0033,NS,
Ajogbasile,10.1371/journal.pone.0264548,Molecular profiling of the artemisinin resistance Kelch 13 gene in Plasmodium falciparum from Nigeria,2021,2018-2018,2018,6-96 months,100,Kano,,yes,F,451.0,L,0.0033,NS,
Ajogbasile,10.1371/journal.pone.0264548,Molecular profiling of the artemisinin resistance Kelch 13 gene in Plasmodium falciparum from Nigeria,2021,2018-2018,2018,6-96 months,100,Kano,,yes,K,438.0,N,0.0033,NS,
Ajogbasile,10.1371/journal.pone.0264548,Molecular profiling of the artemisinin resistance Kelch 13 gene in Plasmodium falciparum from Nigeria,2021,2018-2018,2018,6-96 months,100,Kano,,yes,G,449.0,S,0.0066,NS,
Ajogbasile,10.1371/journal.pone.0264548,Molecular profiling of the artemisinin resistance Kelch 13 gene in Plasmodium falciparum from Nigeria,2021,2018-2018,2018,6-96 months,100,Plateau,,yes,Q,613.0,H,0.0099,NS,
Idowu,10.1186/s12936-019-2947-z,Rare mutations in Pfmdr1 gene of Plasmodium falciparum detected in clinical isolates from patients treated with anti-malarial drug in Nigeria,2019,2015-2016,2015,,37,Lagos,,yes,H,136.0,N,0.038,NS,
Idowu,10.1186/s12936-019-2947-z,Rare mutations in Pfmdr1 gene of Plasmodium falciparum detected in clinical isolates from patients treated with anti-malarial drug in Nigeria,2019,2015-2016,2015,,37,Lagos,,yes,K,189.0,T,0.654,NS,
Idowu,10.1186/s12936-019-2947-z,Rare mutations in Pfmdr1 gene of Plasmodium falciparum detected in clinical isolates from patients treated with anti-malarial drug in Nigeria,2019,2015-2016,2015,,37,Lagos,,yes,Q,613.0,H,0.038,NS,
Igbasi ,10.1111/tmi.13273,"Kelch 13 propeller gene polymorphism among Plasmodium falciparum isolates in Lagos, Nigeria: Molecular Epidemiologic Study",2019,2013-2014,2013,,195,Lagos,,yes,D,464.0,N,0.005,NS,
Igbasi ,10.1111/tmi.13273,"Kelch 13 propeller gene polymorphism among Plasmodium falciparum isolates in Lagos, Nigeria: Molecular Epidemiologic Study",2019,2013-2014,2013,,195,Lagos,,yes,A,578.0,S,0.005,NS,
Igbasi ,10.1111/tmi.13273,"Kelch 13 propeller gene polymorphism among Plasmodium falciparum isolates in Lagos, Nigeria: Molecular Epidemiologic Study",2019,2013-2014,2013,,195,Lagos,,yes,Q,613.0,H,0.016,NS,
Ikegbunam,10.1186/s12936-021-03968-9,Absence of Plasmodium falciparum artemisinin resistance gene mutations eleven years after the adoption of artemisinin‚Äëbased combination therapy in Nigeria,2021,2004,2004,1-12 years,71,Osun,,yes,V,520.0,A,0.014,NS,
Ikegbunam,10.1186/s12936-021-03968-9,Absence of Plasmodium falciparum artemisinin resistance gene mutations eleven years after the adoption of artemisinin‚Äëbased combination therapy in Nigeria,2021,2004,2004,1-12 years,71,Osun,,yes,V,581.0,I,0.014,NS,
Ikegbunam,10.1186/s12936-021-03968-9,Absence of Plasmodium falciparum artemisinin resistance gene mutations eleven years after the adoption of artemisinin‚Äëbased combination therapy in Nigeria,2021,2015,2015,1-12 years,73,Osun,,no,,,,,,
Ikegbunam,10.1186/s12936-021-03968-9,Absence of Plasmodium falciparum artemisinin resistance gene mutations eleven years after the adoption of artemisinin‚Äëbased combination therapy in Nigeria,2021,2015,2015,1-12 years,36,Anambra,,yes,V,510.0,V,0.028,S,
Ikegbunam,10.1186/s12936-021-03968-9,Absence of Plasmodium falciparum artemisinin resistance gene mutations eleven years after the adoption of artemisinin‚Äëbased combination therapy in Nigeria,2021,2015,2015,1-12 years,36,Anambra,,yes,R,515.0,R,0.028,S,
Ikegbunam,10.1186/s12936-021-03968-9,Absence of Plasmodium falciparum artemisinin resistance gene mutations eleven years after the adoption of artemisinin‚Äëbased combination therapy in Nigeria,2021,2015,2015,1-12 years,36,Anambra,,yes,D,547.0,G,0.028,NS,
Ikegbunam,10.1186/s12936-021-03968-9,Absence of Plasmodium falciparum artemisinin resistance gene mutations eleven years after the adoption of artemisinin‚Äëbased combination therapy in Nigeria,2021,2015,2015,1-12 years,36,Anambra,,yes,Q,613.0,Q,0.028,NS,
Ikegbunam,10.1186/s12936-021-03968-9,Absence of Plasmodium falciparum artemisinin resistance gene mutations eleven years after the adoption of artemisinin‚Äëbased combination therapy in Nigeria,2021,2015,2015,1-12 years,36,Anambra,,yes,E,688.0,E,0.028,S,
Ikegbunam,10.1186/s12936-021-03968-9,Absence of Plasmodium falciparum artemisinin resistance gene mutations eleven years after the adoption of artemisinin‚Äëbased combination therapy in Nigeria,2021,2015,2015,1-12 years,36,Anambra,,yes,N,458.0,N,0.028,S,
Jin,10.1186/s12879-021-06579-6,"Limited polymorphism in k13 gene of Plasmodium falciparum and k12 of Plasmodium vivax isolates imported from African and Asian countries between 2014 and 2019 in Hangzhou city, China",2021,2014-2019,2017,NA imported,46,,Hangzhou,yes,A,676.0,S,0.02,NS,
Kong,10.1186/s12936-022-04398-x,Molecular surveillance of artemisinin resistance?related Pfk13 and pfcrt polymorphisms in imported Plasmodium falciparum isolates reported in eastern China from 2015 to 2019,2022,2015-2019,2017,returning traveler,88,Shandong Province,,yes,F,442.0,L,0.01,NS,
Kong,10.1186/s12936-022-04398-x,Molecular surveillance of artemisinin resistance?related Pfk13 and pfcrt polymorphisms in imported Plasmodium falciparum isolates reported in eastern China from 2015 to 2019,2022,2015-2019,2017,returning traveler,88,Shandong Province,,yes,P,443.0,A,0.01,NS,
Kong,10.1186/s12936-022-04398-x,Molecular surveillance of artemisinin resistance?related Pfk13 and pfcrt polymorphisms in imported Plasmodium falciparum isolates reported in eastern China from 2015 to 2019,2022,2015-2019,2017,returning traveler,88,Shandong Province,,yes,A,578.0,S,0.01,NS,
Kong,10.1186/s12936-022-04398-x,Molecular surveillance of artemisinin resistance?related Pfk13 and pfcrt polymorphisms in imported Plasmodium falciparum isolates reported in eastern China from 2015 to 2019,2022,2015-2019,2017,returning traveler,88,Shandong Province,,yes,Q,613.0,H,0.03,NS,
She,10.1186/s12879-020-05228-8,"Polymorphisms of pfcrt, pfmdr1, and K13-propeller genes in imported falciparum malaria isolates from Africa in Guizhou province, China",2020,2012√î√∏Œ©2016,2014,returning traveler,6,Guizhou,,yes,A,696.0,V,0.167,NS,
Tola,10.1186/s13104-020-05334-5,"Molecular detection of drug resistant polymorphisms in Plasmodium falciparum isolates from Southwest, Nigeria",2020,2014-2014,2014,1-61 years,83,Lagos; Osun,Badagry; Alajue village Ede,yes,G,496.0,S,0.012,NS,
Tola,10.1186/s13104-020-05334-5,"Molecular detection of drug resistant polymorphisms in Plasmodium falciparum isolates from Southwest, Nigeria",2020,2014-2014,2014,1-61 years,83,Lagos; Osun,Badagry; Alajue village Ede,yes,R,539.0,F,0.012,NS,
Tola,10.1186/s13104-020-05334-5,"Molecular detection of drug resistant polymorphisms in Plasmodium falciparum isolates from Southwest, Nigeria",2020,2014-2014,2014,1-61 years,83,Lagos; Osun,Badagry; Alajue village Ede,yes,I,543.0,V,0.012,NS,
Tola,10.1186/s13104-020-05334-5,"Molecular detection of drug resistant polymorphisms in Plasmodium falciparum isolates from Southwest, Nigeria",2020,2014-2014,2014,1-61 years,83,Lagos; Osun,Badagry; Alajue village Ede,yes,V,566.0,K,0.012,NS,
Tola,10.1186/s13104-020-05334-5,"Molecular detection of drug resistant polymorphisms in Plasmodium falciparum isolates from Southwest, Nigeria",2020,2014-2014,2014,1-61 years,83,Lagos; Osun,Badagry; Alajue village Ede,yes,A,578.0,K,0.0241,NS,
Tola,10.1186/s13104-020-05334-5,"Molecular detection of drug resistant polymorphisms in Plasmodium falciparum isolates from Southwest, Nigeria",2020,2014-2014,2014,1-61 years,83,Lagos; Osun,Badagry; Alajue village Ede,yes,C,580.0,Y,0.012,NS,mutation could not be validated with independent methods
Tola,10.1186/s13104-020-05334-5,"Molecular detection of drug resistant polymorphisms in Plasmodium falciparum isolates from Southwest, Nigeria",2020,2014-2014,2014,1-61 years,83,Lagos; Osun,Badagry; Alajue village Ede,yes,D,584.0,I,0.012,NS,
Wang,10.1186/s12936-020-3140-0,"Molecular surveillance of Pfcrt and k13 propeller polymorphisms of imported Plasmodium falciparum cases to Zhejiang Province, China between 2016 and 2018",2020,2016-2018,2017,returning traveler,118,Zhejiang,,yes,P,441.0,S,0.017,NS,
Wang,10.1128/spectrum.00528-22,Molecular Epidemiology of Drug Resistance Genes in Plasmodium falciparum Isolates Imported from Nigeria between 2016 and 2020: Continued Emergence of Fully Resistant Pfdhfr- Pfdhps Alleles,2022,2016-2020,2018,returning traveler,158,Zhejiang,,yes,P,441.0,S,0.0128,NS,
Wang,10.1128/spectrum.00528-22,Molecular Epidemiology of Drug Resistance Genes in Plasmodium falciparum Isolates Imported from Nigeria between 2016 and 2020: Continued Emergence of Fully Resistant Pfdhfr- Pfdhps Alleles,2022,2016-2020,2018,returning traveler,158,Zhejiang,,yes,N,458.0,D,0.0064,NS,
Wang,10.1186/s12936-020-3140-0,"Molecular surveillance of Pfcrt and k13 propeller polymorphisms of imported Plasmodium falciparum cases to Zhejiang Province, China between 2016 and 2018",2020,2016-2018,2017,returning traveler,118,Zhejiang,,yes,V,650.0,F,0.008,NS,
Wang,10.1128/spectrum.00528-22,Molecular Epidemiology of Drug Resistance Genes in Plasmodium falciparum Isolates Imported from Nigeria between 2016 and 2020: Continued Emergence of Fully Resistant Pfdhfr- Pfdhps Alleles,2022,2016-2020,2018,returning traveler,158,Zhejiang,,yes,V,650.0,F,0.0064,NS,
Wang,10.1128/spectrum.00528-22,Molecular Epidemiology of Drug Resistance Genes in Plasmodium falciparum Isolates Imported from Nigeria between 2016 and 2020: Continued Emergence of Fully Resistant Pfdhfr- Pfdhps Alleles,2022,2016-2020,2018,returning traveler,158,Zhejiang,,yes,A,676.0,S,0.0064,NS,
Yang,10.1186/s12879-017-2634-z,"Polymorphisms of Plasmodium falciparum k13-propeller gene among migrant workers returning to Henan Province, China from Africa",2017,2014-2014,2014,returning traveler,72,Henan,,yes,K,610.0,R,0.014,NS,
Yang,10.1186/s12879-017-2634-z,"Polymorphisms of Plasmodium falciparum k13-propeller gene among migrant workers returning to Henan Province, China from Africa",2017,2014-2014,2014,returning traveler,72,Henan,,yes,A,626.0,T,0.014,NS,
Zhao,10.3389/fcimb.2021.644576,"Surveillance of Antimalarial Drug-Resistance Genes in Imported Plasmodium falciparum Isolates From Nigeria in Henan, China, 2012√î√∏Œ©2019",2021,2012-2019,2016,returning traveler,167,Henan,,yes,Q,613.0,H,0.006,NS,
Zhao,10.3389/fcimb.2021.644576,"Surveillance of Antimalarial Drug-Resistance Genes in Imported Plasmodium falciparum Isolates From Nigeria in Henan, China, 2012√î√∏Œ©2019",2021,2012-2019,2016,returning traveler,167,Henan,,yes,S,693.0,F,0.006,NS,
Abubakar,10.3390/tropicalmed5020085,"Identification of Mutations in Antimalarial Resistance Gene Kelch13 from Plasmodium falciparum Isolates in Kano, Nigeria",2020,2018-2018,2018,18-56 years,49,Kano,Kano,yes,F,442.0,F,0.02,S,
Abubakar,10.3390/tropicalmed5020085,"Identification of Mutations in Antimalarial Resistance Gene Kelch13 from Plasmodium falciparum Isolates in Kano, Nigeria",2020,2018-2018,2018,18-56 years,49,Kano,Kano,yes,F,492.0,F,0.02,S,
Huang,10.1186/s12936-021-03613-5,"Molecular surveillance of pfcrt, pfmdr1 and pfk13-propeller mutations in Plasmodium falciparum isolates imported from Africa to China",2021,2012-2015,2014,returning traveler,152,,,yes,C,469.0,C,0.007,S,
Huang,10.1186/s12936-021-03613-5,"Molecular surveillance of pfcrt, pfmdr1 and pfk13-propeller mutations in Plasmodium falciparum isolates imported from Africa to China",2021,2012-2015,2014,returning traveler,152,,,yes,G,496.0,G,0.007,S,
Huang,10.1186/s12936-021-03613-5,"Molecular surveillance of pfcrt, pfmdr1 and pfk13-propeller mutations in Plasmodium falciparum isolates imported from Africa to China",2021,2012-2015,2014,returning traveler,152,,,yes,A,627.0,A,0.007,S,
Jin,10.1186/s12879-021-06579-6,"Limited polymorphism in k13 gene of Plasmodium falciparum and k12 of Plasmodium vivax isolates imported from African and Asian countries between 2014 and 2019 in Hangzhou city, China",2021,2014-2019,2017,NA imported,46,Hangzhou city,Hangzhou,yes,V,589.0,V,0.02,S,
Kong,10.1186/s12936-022-04398-x,Molecular surveillance of artemisinin resistance?related Pfk13 and pfcrt polymorphisms in imported Plasmodium falciparum isolates reported in eastern China from 2015 to 2019,2022,2015-2019,2017,returning traveler,88,Shandong Province,,yes,N,664.0,N,0.01,S,
Oboh,10.1155/2018/2305062,Status of Artemisinin Resistance in Malaria Parasite¬†Plasmodium falciparum¬†from Molecular Analyses of the¬†Kelch13¬†Gene in Southwestern Nigeria,2018,,2018,,25,Edo,,yes,G,665.0,C,0.04,NS,
Oboh,10.1155/2018/2305062,Status of Artemisinin Resistance in Malaria Parasite¬†Plasmodium falciparum¬†from Molecular Analyses of the¬†Kelch13¬†Gene in Southwestern Nigeria,2018,,2018,,25,Edo,,yes,V,666.0,V,0.04,S,
Oboh,10.1155/2018/2305062,Status of Artemisinin Resistance in Malaria Parasite¬†Plasmodium falciparum¬†from Molecular Analyses of the¬†Kelch13¬†Gene in Southwestern Nigeria,2018,,2018,,25,Edo,,yes,P,553.0,P,0.04,S,
Oboh,10.1155/2018/2305062,Status of Artemisinin Resistance in Malaria Parasite¬†Plasmodium falciparum¬†from Molecular Analyses of the¬†Kelch13¬†Gene in Southwestern Nigeria,2018,,2018,,25,Lagos,,yes,V,510.0,V,0.04,S,
Wang,10.1186/s12936-020-3140-0,"Molecular surveillance of Pfcrt and k13 propeller polymorphisms of imported Plasmodium falciparum cases to Zhejiang Province, China between 2016 and 2018",2020,2016-2018,2017,returning traveler,118,Zhejiang,,yes,C,469.0,C,0.008,S,
Wang,10.1186/s12936-020-3140-0,"Molecular surveillance of Pfcrt and k13 propeller polymorphisms of imported Plasmodium falciparum cases to Zhejiang Province, China between 2016 and 2018",2020,2016-2018,2017,returning traveler,118,Zhejiang,,yes,V,589.0,V,0.017,S,
Wang,10.1128/spectrum.00528-22,Molecular Epidemiology of Drug Resistance Genes in Plasmodium falciparum Isolates Imported from Nigeria between 2016 and 2020: Continued Emergence of Fully Resistant Pfdhfr- Pfdhps Alleles,2022,2016-2020,2018,returning traveler,158,Zhejiang,,yes,V,589.0,V,0.0128,S,
Wang,10.1186/s12936-020-3140-0,"Molecular surveillance of Pfcrt and k13 propeller polymorphisms of imported Plasmodium falciparum cases to Zhejiang Province, China between 2016 and 2018",2020,2016-2018,2017,returning traveler,118,Zhejiang,,yes,N,664.0,N,0.008,S,
Wang,10.1186/s12936-020-3140-0,"Molecular surveillance of Pfcrt and k13 propeller polymorphisms of imported Plasmodium falciparum cases to Zhejiang Province, China between 2016 and 2018",2020,2016-2018,2017,returning traveler,118,Zhejiang,,yes,A,667.0,A,0.008,S,
Xu,10.1038/s41598-018-31207-w,"Surveillance of Antimalarial Resistance Pfcrt, Pfmdr1, and Pfkelch13 Polymorphisms in African Plasmodium falciparum imported to Shandong Province, China",2018,2012-2015,2014,returning traveler,34,Shandong,,yes,C,469.0,C,0.03,S,
Yan,10.1128/AAC.00981-20,Prevalence of Plasmodium falciparum Kelch 13 (PfK13) and Ubiquitin-Specific Protease 1 (pfubp1) Gene Polymorphisms in Returning Travelers from Africa Reported in Eastern China,2020,2017√î√∏Œ©2019,2018,returning traveler,27,Anhui; Shangdong,,yes,C,469.0,C,0.037,S,
Yang,10.1186/s12879-017-2634-z,"Polymorphisms of Plasmodium falciparum k13-propeller gene among migrant workers returning to Henan Province, China from Africa",2017,2014-2014,2014,returning traveler,72,Henan,,yes,G,496.0,G,0.014,S,
Yang,10.1186/s12879-017-2634-z,"Polymorphisms of Plasmodium falciparum k13-propeller gene among migrant workers returning to Henan Province, China from Africa",2017,2014-2014,2014,returning traveler,72,Henan,,yes,A,627.0,A,0.014,S,
Zhao,10.3389/fcimb.2021.644576,"Surveillance of Antimalarial Drug-Resistance Genes in Imported Plasmodium falciparum Isolates From Nigeria in Henan, China, 2012√î√∏Œ©2019",2021,2012-2019,2016,returning traveler,167,Henan,,yes,C,469.0,C,0.006,S,
Zhao,10.3389/fcimb.2021.644576,"Surveillance of Antimalarial Drug-Resistance Genes in Imported Plasmodium falciparum Isolates From Nigeria in Henan, China, 2012√î√∏Œ©2019",2021,2012-2019,2016,returning traveler,167,Henan,,yes,G,496.0,G,0.006,S,
Ajibaye,10.3389/fcimb.2024.1366563,Detection of novel Plasmodium falciparum coronin gene mutations in a recrudescent ACT-treated patient in South-Western Nigeria,2024,2019-2019,2019,12 months to <70 years,7,Lagos,Ijede General hospital (IJGH),none identified,,,,,,
Ashley,10.1056/nejmoa1314981,Spread of Artemisinin Resistance in Plasmodium falciparum Malaria,2014,2011-2013,2012,0.5-65 years,30,Kwara,Ilorin,none identified,,,,,,
Cheng,10.1186/s12936-021-03737-8,"Molecular surveillance of anti?malarial resistance pfcrt, pfmdr1, and pfk13 polymorphisms in African Plasmodium falciparum imported parasites to Wuhan, China",2021,2017-2019,2018,returning traveler,18,,Wuhan,none identified,,,,,,
Kamau,10.1093/infdis/jiu608,K13-Propeller Polymorphisms in Plasmodium falciparum Parasites From Sub-Saharan Africa,2015,2013-2014,2013,‚â•6months,89,Lagos,,none identified,,,,,,
L'Episcopia,10.1093/jtm/taaa231,Artemisinin resistance surveillance in African Plasmodium falciparum isolates from imported malaria cases to Italy,2021,2014-2015,2014,NA imported,17,,,none identified,,,,,,
Tola,10.1186/s13104-020-05334-5,"Molecular detection of drug resistant polymorphisms in Plasmodium falciparum isolates from Southwest, Nigeria",2020,2014-2014,2014,1-61 years,83,Lagos; Osun,Badagry; Alajue village Ede,yes,A,557.0,?,0.0361,,deletion/frameshift mutation
Zhang,10.4269/ajtmh.17-0864,"Surveillance of Antimalarial Resistance Molecular Markers in Imported Plasmodium falciparum Malaria Cases in Anhui, China, 2012√î√∏Œ©2016",2018,2012-2016,2014,returning traveler,46,Anhui,,none identified,,,,,,
Olasehinde,10.2147/IDR.S190386,"Epidemiology of Plasmodium falciparum infection and drug resistance markers in Ota Area, Southwestern Nigeria",2019,2016-2018,2017,all ages and sex,"not quite clear, 16-58 blood samples used for molecular analysis",Ogun,Ado-Odo/Ota,none identified,,,,,,
Amusan,10.1371/journal.pone.0316479,Polymorphisms in Pfkelch13 domains before and after the introduction of artemisinin-based combination therapy in Southwest Nigeria,2025,2000-2005,2003,≥ 9 months to 35 years,11,Oyo,Ibabdan,yes,K,189.0,T,0.091,NS,
Amusan,10.1371/journal.pone.0316479,Polymorphisms in Pfkelch13 domains before and after the introduction of artemisinin-based combination therapy in Southwest Nigeria,2025,2021,2021,≥ 9 months to 35 years,53,Oyo,Ibabdan,yes,K,189.0,T,0.642,NS,
Amusan,10.1371/journal.pone.0316479,Polymorphisms in Pfkelch13 domains before and after the introduction of artemisinin-based combination therapy in Southwest Nigeria,2025,2021,2021,≥ 9 months to 35 years,53,Oyo,Ibabdan,yes,K,189.0,N,0.019,NS,
Amusan,10.1371/journal.pone.0316479,Polymorphisms in Pfkelch13 domains before and after the introduction of artemisinin-based combination therapy in Southwest Nigeria,2025,2021,2021,≥ 9 months to 35 years,53,Oyo,Ibabdan,yes,N,217.0,H,0.019,NS,
Amusan,10.1371/journal.pone.0316479,Polymorphisms in Pfkelch13 domains before and after the introduction of artemisinin-based combination therapy in Southwest Nigeria,2025,2021,2021,≥ 9 months to 35 years,53,Oyo,Ibabdan,yes,R,255.0,K,0.038,NS,
Martín Ramírez,10.1186/s41182-025-00732-6,"Mutational profile of pfdhfr, pfdhps, pfmdr1, pfcrt and pfk13 genes of P. falciparum associated with resistance to different antimalarial drugs in Osun state, southwestern Nigeria",2025,2021,2021,children,262,Osun,Ore,yes,F,434.0,I,0.0617,NS,
Martín Ramírez,10.1186/s41182-025-00732-7,"Mutational profile of pfdhfr, pfdhps, pfmdr1, pfcrt and pfk13 genes of P. falciparum associated with resistance to different antimalarial drugs in Osun state, southwestern Nigeria",2025,2021,2021,children,262,Osun,Ore,yes,P,443.0,P,0.0123,S,
Martín Ramírez,10.1186/s41182-025-00732-8,"Mutational profile of pfdhfr, pfdhps, pfmdr1, pfcrt and pfk13 genes of P. falciparum associated with resistance to different antimalarial drugs in Osun state, southwestern Nigeria",2025,2021,2021,children,262,Osun,Ore,yes,C,447.0,D,0.0123,NS,
Martín Ramírez,10.1186/s41182-025-00732-9,"Mutational profile of pfdhfr, pfdhps, pfmdr1, pfcrt and pfk13 genes of P. falciparum associated with resistance to different antimalarial drugs in Osun state, southwestern Nigeria",2025,2021,2021,children,262,Osun,Ore,yes,C,447.0,Y,0.0123,NS,
Martín Ramírez,10.1186/s41182-025-00732-10,"Mutational profile of pfdhfr, pfdhps, pfmdr1, pfcrt and pfk13 genes of P. falciparum associated with resistance to different antimalarial drugs in Osun state, southwestern Nigeria",2025,2021,2021,children,262,Osun,Ore,yes,G,449.0,D,0.0123,NS,
Martín Ramírez,10.1186/s41182-025-00732-11,"Mutational profile of pfdhfr, pfdhps, pfmdr1, pfcrt and pfk13 genes of P. falciparum associated with resistance to different antimalarial drugs in Osun state, southwestern Nigeria",2025,2021,2021,children,262,Osun,Ore,yes,F,451.0,L,0.0123,NS,
Martín Ramírez,10.1186/s41182-025-00732-12,"Mutational profile of pfdhfr, pfdhps, pfmdr1, pfcrt and pfk13 genes of P. falciparum associated with resistance to different antimalarial drugs in Osun state, southwestern Nigeria",2025,2021,2021,children,262,Osun,Ore,yes,N,458.0,D,0.0123,NS,
Martín Ramírez,10.1186/s41182-025-00732-13,"Mutational profile of pfdhfr, pfdhps, pfmdr1, pfcrt and pfk13 genes of P. falciparum associated with resistance to different antimalarial drugs in Osun state, southwestern Nigeria",2025,2021,2021,children,262,Osun,Ore,yes,E,461.0,K,0.0123,NS,
Martín Ramírez,10.1186/s41182-025-00732-14,"Mutational profile of pfdhfr, pfdhps, pfmdr1, pfcrt and pfk13 genes of P. falciparum associated with resistance to different antimalarial drugs in Osun state, southwestern Nigeria",2025,2021,2021,children,262,Osun,Ore,yes,C,469.0,C,0.0123,S,
Martín Ramírez,10.1186/s41182-025-00732-15,"Mutational profile of pfdhfr, pfdhps, pfmdr1, pfcrt and pfk13 genes of P. falciparum associated with resistance to different antimalarial drugs in Osun state, southwestern Nigeria",2025,2021,2021,children,262,Osun,Ore,yes,P,475.0,P,0.0123,S,
Martín Ramírez,10.1186/s41182-025-00732-16,"Mutational profile of pfdhfr, pfdhps, pfmdr1, pfcrt and pfk13 genes of P. falciparum associated with resistance to different antimalarial drugs in Osun state, southwestern Nigeria",2025,2021,2021,children,262,Osun,Ore,yes,T,478.0,A,0.0247,NS,
Martín Ramírez,10.1186/s41182-025-00732-17,"Mutational profile of pfdhfr, pfdhps, pfmdr1, pfcrt and pfk13 genes of P. falciparum associated with resistance to different antimalarial drugs in Osun state, southwestern Nigeria",2025,2021,2021,children,262,Osun,Ore,yes,T,478.0,T,0.0123,S,
Martín Ramírez,10.1186/s41182-025-00732-18,"Mutational profile of pfdhfr, pfdhps, pfmdr1, pfcrt and pfk13 genes of P. falciparum associated with resistance to different antimalarial drugs in Osun state, southwestern Nigeria",2025,2021,2021,children,262,Osun,Ore,yes,A,486.0,G,0.0123,NS,
Martín Ramírez,10.1186/s41182-025-00732-19,"Mutational profile of pfdhfr, pfdhps, pfmdr1, pfcrt and pfk13 genes of P. falciparum associated with resistance to different antimalarial drugs in Osun state, southwestern Nigeria",2025,2021,2021,children,262,Osun,Ore,yes,V,494.0,I,0.0123,NS,
Martín Ramírez,10.1186/s41182-025-00732-20,"Mutational profile of pfdhfr, pfdhps, pfmdr1, pfcrt and pfk13 genes of P. falciparum associated with resistance to different antimalarial drugs in Osun state, southwestern Nigeria",2025,2021,2021,children,262,Osun,Ore,yes,N,499.0,N,0.0123,S,
Martín Ramírez,10.1186/s41182-025-00732-21,"Mutational profile of pfdhfr, pfdhps, pfmdr1, pfcrt and pfk13 genes of P. falciparum associated with resistance to different antimalarial drugs in Osun state, southwestern Nigeria",2025,2021,2021,children,262,Osun,Ore,yes,E,507.0,K,0.0123,NS,
Martín Ramírez,10.1186/s41182-025-00732-22,"Mutational profile of pfdhfr, pfdhps, pfmdr1, pfcrt and pfk13 genes of P. falciparum associated with resistance to different antimalarial drugs in Osun state, southwestern Nigeria",2025,2021,2021,children,262,Osun,Ore,yes,T,508.0,S,0.0123,NS,
Martín Ramírez,10.1186/s41182-025-00732-23,"Mutational profile of pfdhfr, pfdhps, pfmdr1, pfcrt and pfk13 genes of P. falciparum associated with resistance to different antimalarial drugs in Osun state, southwestern Nigeria",2025,2021,2021,children,262,Osun,Ore,yes,E,509.0,E,0.0123,S,
Martín Ramírez,10.1186/s41182-025-00732-24,"Mutational profile of pfdhfr, pfdhps, pfmdr1, pfcrt and pfk13 genes of P. falciparum associated with resistance to different antimalarial drugs in Osun state, southwestern Nigeria",2025,2021,2021,children,262,Osun,Ore,yes,D,512.0,N,0.0123,NS,
Martín Ramírez,10.1186/s41182-025-00732-25,"Mutational profile of pfdhfr, pfdhps, pfmdr1, pfcrt and pfk13 genes of P. falciparum associated with resistance to different antimalarial drugs in Osun state, southwestern Nigeria",2025,2021,2021,children,262,Osun,Ore,yes,R,513.0,C,0.0123,NS,
Martín Ramírez,10.1186/s41182-025-00732-26,"Mutational profile of pfdhfr, pfdhps, pfmdr1, pfcrt and pfk13 genes of P. falciparum associated with resistance to different antimalarial drugs in Osun state, southwestern Nigeria",2025,2021,2021,children,262,Osun,Ore,yes,R,515.0,K,0.0123,NS,candidate mutation
Martín Ramírez,10.1186/s41182-025-00732-27,"Mutational profile of pfdhfr, pfdhps, pfmdr1, pfcrt and pfk13 genes of P. falciparum associated with resistance to different antimalarial drugs in Osun state, southwestern Nigeria",2025,2021,2021,children,262,Osun,Ore,yes,D,516.0,N,0.0123,NS,
Martín Ramírez,10.1186/s41182-025-00732-28,"Mutational profile of pfdhfr, pfdhps, pfmdr1, pfcrt and pfk13 genes of P. falciparum associated with resistance to different antimalarial drugs in Osun state, southwestern Nigeria",2025,2021,2021,children,262,Osun,Ore,yes,P,527.0,L,0.0123,NS,
Martín Ramírez,10.1186/s41182-025-00732-29,"Mutational profile of pfdhfr, pfdhps, pfmdr1, pfcrt and pfk13 genes of P. falciparum associated with resistance to different antimalarial drugs in Osun state, southwestern Nigeria",2025,2021,2021,children,262,Osun,Ore,yes,T,535.0,T,0.0123,S,
Martín Ramírez,10.1186/s41182-025-00732-30,"Mutational profile of pfdhfr, pfdhps, pfmdr1, pfcrt and pfk13 genes of P. falciparum associated with resistance to different antimalarial drugs in Osun state, southwestern Nigeria",2025,2021,2021,children,262,Osun,Ore,yes,S,536.0,P,0.0123,NS,
Martín Ramírez,10.1186/s41182-025-00732-31,"Mutational profile of pfdhfr, pfdhps, pfmdr1, pfcrt and pfk13 genes of P. falciparum associated with resistance to different antimalarial drugs in Osun state, southwestern Nigeria",2025,2021,2021,children,262,Osun,Ore,yes,C,542.0,R,0.0123,NS,
Martín Ramírez,10.1186/s41182-025-00732-32,"Mutational profile of pfdhfr, pfdhps, pfmdr1, pfcrt and pfk13 genes of P. falciparum associated with resistance to different antimalarial drugs in Osun state, southwestern Nigeria",2025,2021,2021,children,262,Osun,Ore,yes,Y,546.0,Y,0.0123,S,
Martín Ramírez,10.1186/s41182-025-00732-33,"Mutational profile of pfdhfr, pfdhps, pfmdr1, pfcrt and pfk13 genes of P. falciparum associated with resistance to different antimalarial drugs in Osun state, southwestern Nigeria",2025,2021,2021,children,262,Osun,Ore,yes,G,548.0,A,0.0123,NS,
Martín Ramírez,10.1186/s41182-025-00732-34,"Mutational profile of pfdhfr, pfdhps, pfmdr1, pfcrt and pfk13 genes of P. falciparum associated with resistance to different antimalarial drugs in Osun state, southwestern Nigeria",2025,2021,2021,children,262,Osun,Ore,yes,P,553.0,Q,0.0123,NS,
Martín Ramírez,10.1186/s41182-025-00732-35,"Mutational profile of pfdhfr, pfdhps, pfmdr1, pfcrt and pfk13 genes of P. falciparum associated with resistance to different antimalarial drugs in Osun state, southwestern Nigeria",2025,2021,2021,children,262,Osun,Ore,yes,P,553.0,S,0.0123,NS,
Martín Ramírez,10.1186/s41182-025-00732-36,"Mutational profile of pfdhfr, pfdhps, pfmdr1, pfcrt and pfk13 genes of P. falciparum associated with resistance to different antimalarial drugs in Osun state, southwestern Nigeria",2025,2021,2021,children,262,Osun,Ore,yes,E,556.0,K,0.037,NS,
Martín Ramírez,10.1186/s41182-025-00732-37,"Mutational profile of pfdhfr, pfdhps, pfmdr1, pfcrt and pfk13 genes of P. falciparum associated with resistance to different antimalarial drugs in Osun state, southwestern Nigeria",2025,2021,2021,children,262,Osun,Ore,yes,A,557.0,A,0.0123,S,
Martín Ramírez,10.1186/s41182-025-00732-38,"Mutational profile of pfdhfr, pfdhps, pfmdr1, pfcrt and pfk13 genes of P. falciparum associated with resistance to different antimalarial drugs in Osun state, southwestern Nigeria",2025,2021,2021,children,262,Osun,Ore,yes,A,557.0,T,0.0123,NS,
Martín Ramírez,10.1186/s41182-025-00732-39,"Mutational profile of pfdhfr, pfdhps, pfmdr1, pfcrt and pfk13 genes of P. falciparum associated with resistance to different antimalarial drugs in Osun state, southwestern Nigeria",2025,2021,2021,children,262,Osun,Ore,yes,A,564.0,T,0.0123,NS,
Martín Ramírez,10.1186/s41182-025-00732-40,"Mutational profile of pfdhfr, pfdhps, pfmdr1, pfcrt and pfk13 genes of P. falciparum associated with resistance to different antimalarial drugs in Osun state, southwestern Nigeria",2025,2021,2021,children,262,Osun,Ore,yes,A,569.0,T,0.0123,NS,
Martín Ramírez,10.1186/s41182-025-00732-41,"Mutational profile of pfdhfr, pfdhps, pfmdr1, pfcrt and pfk13 genes of P. falciparum associated with resistance to different antimalarial drugs in Osun state, southwestern Nigeria",2025,2021,2021,children,262,Osun,Ore,yes,T,573.0,A,0.0123,NS,
Martín Ramírez,10.1186/s41182-025-00732-42,"Mutational profile of pfdhfr, pfdhps, pfmdr1, pfcrt and pfk13 genes of P. falciparum associated with resistance to different antimalarial drugs in Osun state, southwestern Nigeria",2025,2021,2021,children,262,Osun,Ore,yes,A,578.0,T,0.0123,NS,
Martín Ramírez,10.1186/s41182-025-00732-43,"Mutational profile of pfdhfr, pfdhps, pfmdr1, pfcrt and pfk13 genes of P. falciparum associated with resistance to different antimalarial drugs in Osun state, southwestern Nigeria",2025,2021,2021,children,262,Osun,Ore,yes,A,578.0,S,0.0617,NS,
Martín Ramírez,10.1186/s41182-025-00732-44,"Mutational profile of pfdhfr, pfdhps, pfmdr1, pfcrt and pfk13 genes of P. falciparum associated with resistance to different antimalarial drugs in Osun state, southwestern Nigeria",2025,2021,2021,children,262,Osun,Ore,yes,C,580.0,Y,0.0123,NS,candidate mutation
Martín Ramírez,10.1186/s41182-025-00732-45,"Mutational profile of pfdhfr, pfdhps, pfmdr1, pfcrt and pfk13 genes of P. falciparum associated with resistance to different antimalarial drugs in Osun state, southwestern Nigeria",2025,2021,2021,children,262,Osun,Ore,yes,V,589.0,V,0.0123,S,
Martín Ramírez,10.1186/s41182-025-00732-46,"Mutational profile of pfdhfr, pfdhps, pfmdr1, pfcrt and pfk13 genes of P. falciparum associated with resistance to different antimalarial drugs in Osun state, southwestern Nigeria",2025,2021,2021,children,262,Osun,Ore,yes,G,595.0,D,0.0123,NS,
Martín Ramírez,10.1186/s41182-025-00732-47,"Mutational profile of pfdhfr, pfdhps, pfmdr1, pfcrt and pfk13 genes of P. falciparum associated with resistance to different antimalarial drugs in Osun state, southwestern Nigeria",2025,2021,2021,children,262,Osun,Ore,yes,Q,613.0,H,0.0247,NS,
Martín Ramírez,10.1186/s41182-025-00732-48,"Mutational profile of pfdhfr, pfdhps, pfmdr1, pfcrt and pfk13 genes of P. falciparum associated with resistance to different antimalarial drugs in Osun state, southwestern Nigeria",2025,2021,2021,children,262,Osun,Ore,yes,F,614.0,L,0.0123,NS,
Martín Ramírez,10.1186/s41182-025-00732-49,"Mutational profile of pfdhfr, pfdhps, pfmdr1, pfcrt and pfk13 genes of P. falciparum associated with resistance to different antimalarial drugs in Osun state, southwestern Nigeria",2025,2021,2021,children,262,Osun,Ore,yes,S,623.0,N,0.0123,NS,
Martín Ramírez,10.1186/s41182-025-00732-50,"Mutational profile of pfdhfr, pfdhps, pfmdr1, pfcrt and pfk13 genes of P. falciparum associated with resistance to different antimalarial drugs in Osun state, southwestern Nigeria",2025,2021,2021,children,262,Osun,Ore,yes,A,626.0,T,0.0123,NS,
Martín Ramírez,10.1186/s41182-025-00732-51,"Mutational profile of pfdhfr, pfdhps, pfmdr1, pfcrt and pfk13 genes of P. falciparum associated with resistance to different antimalarial drugs in Osun state, southwestern Nigeria",2025,2021,2021,children,262,Osun,Ore,yes,A,627.0,T,0.0123,NS,
Martín Ramírez,10.1186/s41182-025-00732-52,"Mutational profile of pfdhfr, pfdhps, pfmdr1, pfcrt and pfk13 genes of P. falciparum associated with resistance to different antimalarial drugs in Osun state, southwestern Nigeria",2025,2021,2021,children,262,Osun,Ore,yes,Y,630.0,Y,0.0247,S,
Martín Ramírez,10.1186/s41182-025-00732-53,"Mutational profile of pfdhfr, pfdhps, pfmdr1, pfcrt and pfk13 genes of P. falciparum associated with resistance to different antimalarial drugs in Osun state, southwestern Nigeria",2025,2021,2021,children,262,Osun,Ore,yes,G,638.0,G,0.0123,S,
Martín Ramírez,10.1186/s41182-025-00732-54,"Mutational profile of pfdhfr, pfdhps, pfmdr1, pfcrt and pfk13 genes of P. falciparum associated with resistance to different antimalarial drugs in Osun state, southwestern Nigeria",2025,2021,2021,children,262,Osun,Ore,yes,I,646.0,M,0.0123,NS,
Martín Ramírez,10.1186/s41182-025-00732-55,"Mutational profile of pfdhfr, pfdhps, pfmdr1, pfcrt and pfk13 genes of P. falciparum associated with resistance to different antimalarial drugs in Osun state, southwestern Nigeria",2025,2021,2021,children,262,Osun,Ore,yes,Q,652.0,END,0.0123,NS,
Martín Ramírez,10.1186/s41182-025-00732-56,"Mutational profile of pfdhfr, pfdhps, pfmdr1, pfcrt and pfk13 genes of P. falciparum associated with resistance to different antimalarial drugs in Osun state, southwestern Nigeria",2025,2021,2021,children,262,Osun,Ore,yes,Y,653.0,F,0.0123,NS,
Martín Ramírez,10.1186/s41182-025-00732-57,"Mutational profile of pfdhfr, pfdhps, pfmdr1, pfcrt and pfk13 genes of P. falciparum associated with resistance to different antimalarial drugs in Osun state, southwestern Nigeria",2025,2021,2021,children,262,Osun,Ore,yes,P,655.0,S,0.0123,NS,
Martín Ramírez,10.1186/s41182-025-00732-58,"Mutational profile of pfdhfr, pfdhps, pfmdr1, pfcrt and pfk13 genes of P. falciparum associated with resistance to different antimalarial drugs in Osun state, southwestern Nigeria",2025,2021,2021,children,262,Osun,Ore,yes,N,657.0,S,0.0123,NS,
Martín Ramírez,10.1186/s41182-025-00732-59,"Mutational profile of pfdhfr, pfdhps, pfmdr1, pfcrt and pfk13 genes of P. falciparum associated with resistance to different antimalarial drugs in Osun state, southwestern Nigeria",2025,2021,2021,children,262,Osun,Ore,yes,Q,661.0,P,0.0123,NS,
Martín Ramírez,10.1186/s41182-025-00732-60,"Mutational profile of pfdhfr, pfdhps, pfmdr1, pfcrt and pfk13 genes of P. falciparum associated with resistance to different antimalarial drugs in Osun state, southwestern Nigeria",2025,2021,2021,children,262,Osun,Ore,yes,E,668.0,K,0.0123,NS,
Martín Ramírez,10.1186/s41182-025-00732-61,"Mutational profile of pfdhfr, pfdhps, pfmdr1, pfcrt and pfk13 genes of P. falciparum associated with resistance to different antimalarial drugs in Osun state, southwestern Nigeria",2025,2021,2021,children,262,Osun,Ore,yes,E,668.0,Q,0.0123,NS,
Martín Ramírez,10.1186/s41182-025-00732-62,"Mutational profile of pfdhfr, pfdhps, pfmdr1, pfcrt and pfk13 genes of P. falciparum associated with resistance to different antimalarial drugs in Osun state, southwestern Nigeria",2025,2021,2021,children,262,Osun,Ore,yes,E,668.0,E,0.0123,S,
Martín Ramírez,10.1186/s41182-025-00732-63,"Mutational profile of pfdhfr, pfdhps, pfmdr1, pfcrt and pfk13 genes of P. falciparum associated with resistance to different antimalarial drugs in Osun state, southwestern Nigeria",2025,2021,2021,children,262,Osun,Ore,yes,T,677.0,I,0.0123,NS,
Martín Ramírez,10.1186/s41182-025-00732-64,"Mutational profile of pfdhfr, pfdhps, pfmdr1, pfcrt and pfk13 genes of P. falciparum associated with resistance to different antimalarial drugs in Osun state, southwestern Nigeria",2025,2021,2021,children,262,Osun,Ore,yes,G,687.0,G,0.0123,S,
Martín Ramírez,10.1186/s41182-025-00732-65,"Mutational profile of pfdhfr, pfdhps, pfmdr1, pfcrt and pfk13 genes of P. falciparum associated with resistance to different antimalarial drugs in Osun state, southwestern Nigeria",2025,2021,2021,children,262,Osun,Ore,yes,E,688.0,Q,0.0123,NS,
Martín Ramírez,10.1186/s41182-025-00732-66,"Mutational profile of pfdhfr, pfdhps, pfmdr1, pfcrt and pfk13 genes of P. falciparum associated with resistance to different antimalarial drugs in Osun state, southwestern Nigeria",2025,2021,2021,children,262,Osun,Ore,yes,G,690.0,G,0.0123,S,
Martín Ramírez,10.1186/s41182-025-00732-67,"Mutational profile of pfdhfr, pfdhps, pfmdr1, pfcrt and pfk13 genes of P. falciparum associated with resistance to different antimalarial drugs in Osun state, southwestern Nigeria",2025,2021,2021,children,262,Osun,Ore,yes,V,692.0,I,0.0494,NS,
Martín Ramírez,10.1186/s41182-025-00732-68,"Mutational profile of pfdhfr, pfdhps, pfmdr1, pfcrt and pfk13 genes of P. falciparum associated with resistance to different antimalarial drugs in Osun state, southwestern Nigeria",2025,2021,2021,children,262,Osun,Ore,yes,V,692.0,L,0.0123,NS,
Martín Ramírez,10.1186/s41182-025-00732-69,"Mutational profile of pfdhfr, pfdhps, pfmdr1, pfcrt and pfk13 genes of P. falciparum associated with resistance to different antimalarial drugs in Osun state, southwestern Nigeria",2025,2021,2021,children,262,Osun,Ore,yes,F,699.0,F,0.0123,S,
Martín Ramírez,10.1186/s41182-025-00732-70,"Mutational profile of pfdhfr, pfdhps, pfmdr1, pfcrt and pfk13 genes of P. falciparum associated with resistance to different antimalarial drugs in Osun state, southwestern Nigeria",2025,2021,2021,children,262,Osun,Ore,yes,D,702.0,K,0.0123,NS,
Zubair,10.4178/epih.e2024087.E,Molecular Surveillance of Artemisinin Combination Therapy Resistance Markers in Kelch13 Gene of Plasmodium falciparum Isolates Collected From Yobe State Nigeria,2024,,2024,18-50 years,16,Yobe,"Gashua, Nguru, Potiskum, ",yes,E,461.0,V,0.0625,NS,
Zubair,10.4178/epih.e2024087.E,Molecular Surveillance of Artemisinin Combination Therapy Resistance Markers in Kelch13 Gene of Plasmodium falciparum Isolates Collected From Yobe State Nigeria,2024,,2024,18-50 years,16,Yobe,"Gashua, Nguru, Potiskum, ",yes,S,485.0,R,0.0625,NS,
Zubair,10.4178/epih.e2024087.E,Molecular Surveillance of Artemisinin Combination Therapy Resistance Markers in Kelch13 Gene of Plasmodium falciparum Isolates Collected From Yobe State Nigeria,2024,,2024,18-50 years,16,Yobe,"Gashua, Nguru, Potiskum, ",yes,D,648.0,H,0.0625,NS,
Zubair,10.4178/epih.e2024087.E,Molecular Surveillance of Artemisinin Combination Therapy Resistance Markers in Kelch13 Gene of Plasmodium falciparum Isolates Collected From Yobe State Nigeria,2024,,2024,18-50 years,16,Yobe,"Gashua, Nguru, Potiskum, ",yes,E,668.0,Q,0.0625,NS,
Zubair,10.4178/epih.e2024087.E,Molecular Surveillance of Artemisinin Combination Therapy Resistance Markers in Kelch13 Gene of Plasmodium falciparum Isolates Collected From Yobe State Nigeria,2024,,2024,18-50 years,16,Yobe,"Gashua, Nguru, Potiskum, ",yes,A,675.0,A,0.0625,S,
Zubair,10.4178/epih.e2024087.E,Molecular Surveillance of Artemisinin Combination Therapy Resistance Markers in Kelch13 Gene of Plasmodium falciparum Isolates Collected From Yobe State Nigeria,2024,,2024,18-50 years,16,Yobe,"Gashua, Nguru, Potiskum, ",yes,S,679.0,L,0.0625,NS,
Zubair,10.4178/epih.e2024087.E,Molecular Surveillance of Artemisinin Combination Therapy Resistance Markers in Kelch13 Gene of Plasmodium falciparum Isolates Collected From Yobe State Nigeria,2024,,2024,18-50 years,16,Yobe,"Gashua, Nguru, Potiskum, ",yes,H,697.0,Y,0.0625,NS,
Zubair,10.4178/epih.e2024087.E,Molecular Surveillance of Artemisinin Combination Therapy Resistance Markers in Kelch13 Gene of Plasmodium falciparum Isolates Collected From Yobe State Nigeria,2024,,2024,18-50 years,16,Yobe,"Gashua, Nguru, Potiskum, ",yes,W,706.0,M,0.0625,NS,
Zubair,10.4178/epih.e2024087.E,Molecular Surveillance of Artemisinin Combination Therapy Resistance Markers in Kelch13 Gene of Plasmodium falciparum Isolates Collected From Yobe State Nigeria,2024,,2024,18-50 years,16,Yobe,"Gashua, Nguru, Potiskum, ",yes,S,485.0,S,0.126,S,
Ajibaye,10.3389/fcimb.2024.1366563,Detection of novel Plasmodium falciparum coronin gene mutations in a recrudescent ACT-treated patient in South-Western Nigeria,2024,2019-2019,2019,12 months to <70 years,7,Lagos,Ijede General hospital (IJGH),no,,,,,,
Adegbola,10.3389/fgene.2024.1470156,"ONT sequencing identifies a high prevalence of crt sensitive, triple mutant dhfr and single mutantdhps parasites within an ANC population in Nigeria",2024,2022-2023,2023,Pregnant Women,31,Osun,Ilesa,no,,,,,,
Ajibaye,10.3389/fcimb.2024.1366563,Detection of novel Plasmodium falciparum coronin gene mutations in a recrudescent ACT-treated patient in South-Western Nigeria,2024,2019-2019,2019,≥ 12 months to <70 years,7,Lagos,Ijede General hospital (IJGH),no,,,,,,
