Author,doi,title,year of publication,year of sample collection,corrected year,study focus,sample size Nigeria only,state,city,codons studied,NYSND,NYSND-T1192L,YYSND,NFSND,NYSNY,YFSND,YYSNY,NFSNY,YYSDD,YFSNY,N/YFSND,N/YYSND,N/YY/FSND,sum of hap prevalences 
Agomo,10.1371/journal.pone.0146908,"Assessment of Markers of Antimalarial Drug Resistance in Plasmodium falciparum Isolates from Pregnant Women in Lagos, Nigeria",2016,,2016,,54,Lagos,,"86, 184, 1034, 1042, 1246",0.536,,,0.214,,0.07,,,,,,,,0.82
Beshir,10.1016/S1473-3099(22)00593-X,Prevalence of Plasmodium falciparum haplotypes associated with resistance to sulfadoxine pyrimethamine and amodiaquine before and after upscaling of seasonal malaria chemoprevention in seven African countries: a genomic surveillance study,2023,2016,2016,<5 years & 10-30 years,1096,Zamfara,Anka,"86, 184",,,0.0014,0.0,,,,,,,,,,0.0014
Beshir,10.1016/S1473-3099(22)00593-X,Prevalence of Plasmodium falciparum haplotypes associated with resistance to sulfadoxine pyrimethamine and amodiaquine before and after upscaling of seasonal malaria chemoprevention in seven African countries: a genomic surveillance study,2023,2018,2018,<5 years & 10-30 years,615,Zamfara,Anka,"86, 184",,,0.0099,0.0,,,,,,,,,,0.0099
Cheng,10.1186/s12936-021-03737-8,"Molecular surveillance of antimalarial resistance pfcrt, pfmdr1, and pfk13 polymorphisms in African Plasmodium falciparum imported parasites to Wuhan, China",2021,2017-2019,2018,NA returning traveler,18,Hubei,Wuhan,"86, 184",0.2222,,,0.6667,,0.1112,,,,,,,,1.0001
Chijioke-Nwauche,10.1093/trstmh/trab061,"Antimalarial drug resistance markers in human immunodeficiency virus (HIV)-positive and HIV-negative adults with asymptomatic malaria infections in Port Harcourt, Nigeria",2021,2010-2011,2010,HIV+/- adults,459,Rivers,Port Harcourt,"86, 184, 1246",,,,,,,,,,,,,,0.0
Dokunmu,10.1186/s12936-019-2833-8,Asymptomatic malaria infections and Pfmdr1 mutations in an endemic area of Nigeria,2019,2018,2018,<6 months,75,Ogun,Ota,"86, 184, 1246",,,,,,,0.12,,,,,,,0.12
Ibekpobaoku,10.1186/s13104-024-06763-2,Sub-microscopic Plasmodium falciparum infections and multiple drug resistant single nucleotide polymorphic alleles in pregnant women from southwestern Nigeria,2024,,2024,pregnant women,7,Lagos,Lagos,"86, 184, 1042, 1246",,,,0.143,,0.571,,,0.143,,,,,0.857
Ikegbunam,10.1186/s12936-019-2977-6,Analysis of Plasmodium falciparum Pfcrt and Pfmdr1 genes in parasite isolates from asymptomatic individuals in Southeast Nigeria 11 years after withdrawal of chloroquine,2019,2014-2015,2014,"mixed, childeren, pregnant women, other adults",103,Anambra,Nnewi,"86, 184, 1246",,,,0.244,0.0122,0.061,,0.0122,,,,,,0.3294
Ojurongbe,10.1186/1475-2875-6-41,"Rapid detection of Pfcrt and Pfmdr1 mutations in Plasmodium falciparum isolates by FRET and in vivo response to chloroquine among children from Osogbo, Nigeria",2007,2004-2005,2004,46034,116,Osun,Osogbo,"86, 184",,,0.03,0.0,,,,,,,,,,0.03
Wang,10.1128/spectrum.00528-22,Molecular Epidemiology of Drug Resistance Genes in Plasmodium falciparum Isolates Imported from Nigeria between 2016 and 2020: Continued Emergence of Fully Resistant Pfdhfr- Pfdhps Alleles,2022,2016,2016,NA returning traveler,50,Zhejiang,,"86, 184",0.5,,,0.3,,0.08,,,,,,,,0.88
Wang,10.1128/spectrum.00528-22,Molecular Epidemiology of Drug Resistance Genes in Plasmodium falciparum Isolates Imported from Nigeria between 2016 and 2020: Continued Emergence of Fully Resistant Pfdhfr- Pfdhps Alleles,2022,2017,2017,NA returning traveler,41,Zhejiang,,"86, 184",0.4634,,,0.4634,,,,,,,,,,0.9268
Wang,10.1128/spectrum.00528-22,Molecular Epidemiology of Drug Resistance Genes in Plasmodium falciparum Isolates Imported from Nigeria between 2016 and 2020: Continued Emergence of Fully Resistant Pfdhfr- Pfdhps Alleles,2022,2018,2018,NA returning traveler,29,Zhejiang,,"86, 184",0.3448,,,0.5862,,0.069,,,,,,,,1.0
Wang,10.1128/spectrum.00528-22,Molecular Epidemiology of Drug Resistance Genes in Plasmodium falciparum Isolates Imported from Nigeria between 2016 and 2020: Continued Emergence of Fully Resistant Pfdhfr- Pfdhps Alleles,2022,2019,2019,NA returning traveler,31,Zhejiang,,"86, 184",0.3871,,,0.5806,,0.0323,,,,,,,,1.0
Wang,10.1128/spectrum.00528-22,Molecular Epidemiology of Drug Resistance Genes in Plasmodium falciparum Isolates Imported from Nigeria between 2016 and 2020: Continued Emergence of Fully Resistant Pfdhfr- Pfdhps Alleles,2022,2020,2020,NA returning traveler,7,Zhejiang,,"86, 184",0.4286,,,0.5714,,0.5,,,,,,,,1.5
Xu,10.1038/s41598-018-31207-w,"Surveillance of Antimalarial Resistance Pfcrt, Pfmdr1, and Pfkelch13 Polymorphisms in African Plasmodium falciparum imported to Shandong Province, China",2018,2012-2015,2014,NA returning traveler,34,Shandong,,"86, 130, 184, 1034, 1042, 1109, 1246",,,,,,,,,,,,,,0.0
Yang,10.1017/S0031182018001609,Molecular investigation of the Pfmdr1 gene of Plasmodium falciparum isolates in Henan Province imported from Africa,2018,2012-2016,2014,NA returning traveler,87,Henan,,"86, 184, 1034, 1042, 1246",0.3218,,0.0115,0.4598,0.0,0.1954,0.0115,0.0,,,,,,1.0
Yao,10.1128/AAC.02387-17,"Surveillance of Genetic Variations Associated with Antimalarial Resistance of Plasmodium falciparum Isolates from Returned Migrant Workers in Wuhan, Central China",2018,2011-2016,2014,NA returning traveler,29,Wuhan,,"86, 184, 1034, 1042, 1246",,,,,,,,,,,,,,0.0
Zhao,10.3389/fcimb.2021.644576,"Surveillance of Antimalarial Drug-Resistance Genes in Imported Plasmodium falciparum Isolates From Nigeria in Henan, China, 2012 2019",2021,2012-2019,2016,NA returning traveler,167,Henan,,"86, 184, 1034, 1042, 1246",0.348,0.006,,0.506,,0.127,0.013,,,,,,,1.0
Adamu,10.1186/s12936-020-03506-z,Plasmodium falciparum multidrug resistance gene_1 polymorphisms in Northern Nigeria: implications for the continued use of artemether_lumefantrine in the region,2020,2017-2017,2017,,500,Kaduna,,"86, 184, 1246",0.38,,0.0254,0.48,0.0,0.1146,0.0,0.0,0.0,0.0,0.0,0.0,0.0,1.0
Adamu,10.1186/s12936-020-03506-z,Plasmodium falciparum multidrug resistance gene_1 polymorphisms in Northern Nigeria: implications for the continued use of artemether_lumefantrine in the region,2020,2017-2017,2017,,500,Kano,,"86, 184, 1246",0.22,,0.011,0.6981,0.0,0.03,0.0,0.029,0.0,0.0011,0.0,0.0,0.0,0.9892
Adamu,10.1186/s12936-020-03506-z,Plasmodium falciparum multidrug resistance gene_1 polymorphisms in Northern Nigeria: implications for the continued use of artemether_lumefantrine in the region,2020,2017-2017,2017,,500,Adamawa,,"86, 184, 1246",0.49,,0.015,0.48,0.0,0.015,0.0,0.0,0.0,0.0,0.0,0.0,0.0,1.0
Adamu,10.1186/s12936-020-03506-z,Plasmodium falciparum multidrug resistance gene_1 polymorphisms in Northern Nigeria: implications for the continued use of artemether_lumefantrine in the region,2020,2017-2017,2017,,500,Yobe,,"86, 184, 1246",0.35,,0.0,0.54,0.02,0.05,0.0,0.04,0.0,0.0,0.0,0.0,0.0,1.0
Kayode,10.1016/j.ijpara.2020.10.001,Polymorphisms in Plasmodium falciparum chloroquine resistance transporter (Pfcrt) and multidrug-resistant gene 1 (Pfmdr-1) in Nigerian children 10 years post-adoption of artemisinin-based combination treatments,2021,2014-2015,2014,<5 years (children),271,Adamawa,,"86, 184",0.72,,0.08,0.14,0.0,0.02,0.0,0.0,0.0,0.0,0.02,0.0,0.0,0.98
Kayode,10.1016/j.ijpara.2020.10.001,Polymorphisms in Plasmodium falciparum chloroquine resistance transporter (Pfcrt) and multidrug-resistant gene 1 (Pfmdr-1) in Nigerian children 10 years post-adoption of artemisinin-based combination treatments,2021,2014-2015,2014,<5 years (children),271,Bayelsa,,"86, 184",0.49,,0.067,0.29,0.0,0.0,0.0,0.0,0.0,0.0,0.067,0.044,0.022,0.98
Kayode,10.1016/j.ijpara.2020.10.001,Polymorphisms in Plasmodium falciparum chloroquine resistance transporter (Pfcrt) and multidrug-resistant gene 1 (Pfmdr-1) in Nigerian children 10 years post-adoption of artemisinin-based combination treatments,2021,2014-2015,2014,<5 years (children),271,Imo,,"86, 184",0.59,,0.037,0.3,0.0,0.0,0.0,0.0,0.0,0.0,0.012,0.012,0.0,0.951
Kayode,10.1016/j.ijpara.2020.10.001,Polymorphisms in Plasmodium falciparum chloroquine resistance transporter (Pfcrt) and multidrug-resistant gene 1 (Pfmdr-1) in Nigerian children 10 years post-adoption of artemisinin-based combination treatments,2021,2014-2015,2014,<5 years (children),271,Kwara,,"86, 184",0.42,,0.111,0.067,0.0,0.0,0.0,0.0,0.0,0.0,0.022,0.0,0.0,0.62
Kayode,10.1016/j.ijpara.2020.10.001,Polymorphisms in Plasmodium falciparum chloroquine resistance transporter (Pfcrt) and multidrug-resistant gene 1 (Pfmdr-1) in Nigerian children 10 years post-adoption of artemisinin-based combination treatments,2021,2014-2015,2014,<5 years (children),271,Sokoto,,"86, 184",0.69,,0.02,0.102,0.0,0.0,0.0,0.0,0.0,0.0,0.02,0.0,0.0,0.832
Ibekpobaoku,10.1186/s13104-024-06763-2,Sub-microscopic Plasmodium falciparum infections and multiple drug resistant single nucleotide polymorphic alleles in pregnant women from southwestern Nigeria,2024,,2024,pregnant women,7,Lagos,Lagos,"86, 184, 1042, 1246",,,,0.143,,0.571,,,0.143,,,,,
